time(ms)	pitch_reference	pitch_prediction	deviation
0.0	0.0	0.0	0.0
0.006	0.0	0.0	0.0
0.012	0.0	0.0	0.0
0.017	0.0	0.0	0.0
0.023	259.483	0.0	259.483
0.028999999999999998	260.624	0.0	260.624
0.035	260.911	267.7432556152344	6.832255615234374
0.040999999999999995	261.199	538.5906982421875	277.3916982421875
0.046	261.487	523.258056640625	261.771056640625
0.052000000000000005	261.774	517.2478637695312	255.47386376953125
0.057999999999999996	260.52099999999996	560.8143310546875	300.29333105468754
0.064	260.421	577.2474975585938	316.82649755859376
0.07	260.365	577.2474975585938	316.88249755859374
0.075	260.389	577.2474975585938	316.85849755859374
0.081	260.444	580.591552734375	320.147552734375
0.087	260.58799999999997	557.584228515625	296.99622851562503
0.09300000000000001	260.731	523.258056640625	262.527056640625
0.099	260.87	526.2892456054688	265.41924560546875
0.10400000000000001	261.004	511.3067321777344	250.30273217773436
0.11	261.132	523.258056640625	262.126056640625
0.11599999999999999	261.26099999999997	286.9602355957031	25.699235595703158
0.122	261.362	298.8009033203125	37.43890332031248
0.128	261.474	282.0304260253906	20.556426025390635
0.134	261.59	291.9762268066406	30.38622680664065
0.139	261.745	283.6641845703125	21.919184570312495
0.145	261.861	283.6641845703125	21.80318457031251
0.151	261.968	275.5887756347656	13.620775634765607
0.157	261.998	261.6279602050781	0.37003979492186545
0.163	262.047	260.1210632324219	1.9259367675781505
0.168	262.068	245.5215301513672	16.546469848632796
0.174	262.119	263.1435852050781	1.0245852050780968
0.18	262.15	264.6679382324219	2.5179382324218977
0.18600000000000003	262.215	263.1435852050781	0.92858520507815
0.192	262.245	263.1435852050781	0.8985852050781205
0.19699999999999998	262.283	282.0304260253906	19.74742602539061
0.203	262.27	297.0799255371094	34.80992553710939
0.209	262.27099999999996	290.2945861816406	28.023586181640667
0.215	262.243	266.201171875	3.958171875000005
0.221	262.265	274.0014953613281	11.736495361328139
0.226	262.286	295.36883544921875	33.08283544921875
0.23199999999999998	262.363	293.6676330566406	31.304633056640625
0.23800000000000002	262.445	269.2942810058594	6.849281005859382
0.244	262.533	258.6228942871094	3.9101057128906405
0.25	262.595	266.201171875	3.6061718749999727
0.255	262.671	266.201171875	3.5301718750000077
0.261	262.654	263.1435852050781	0.48958520507812864
0.267	262.659	266.201171875	3.542171875000008
0.273	262.681	260.1210632324219	2.559936767578108
0.27899999999999997	262.66200000000003	278.7909851074219	16.12898510742184
0.284	262.66700000000003	258.6228942871094	4.044105712890655
0.29	262.67	266.201171875	3.531171874999984
0.29600000000000004	262.673	261.6279602050781	1.0450397949218768
0.302	262.676	272.42333984375	9.747339843750012
0.308	265.305	267.7432556152344	2.438255615234368
0.313	263.955	327.73248291015625	63.777482910156266
0.319	309.23	311.1301574707031	1.9001574707031068
0.325	310.387	314.74530029296875	4.3583002929687495
0.331	310.53700000000003	312.9324951171875	2.3954951171874654
0.337	310.688	290.2945861816406	20.393413818359363
0.342	309.998	314.74530029296875	4.7473002929687595
0.348	310.367	329.6310119628906	19.264011962890606
0.354	310.353	307.5564880371094	2.7965119628906336
0.36	310.339	307.5564880371094	2.7825119628906236
0.366	310.324	333.4611511230469	23.137151123046863
0.37200000000000005	310.31	311.1301574707031	0.8201574707031227
0.377	310.202	311.1301574707031	0.9281574707031268
0.38299999999999995	310.311	314.74530029296875	4.434300292968771
0.389	310.472	318.4024963378906	7.930496337890645
0.395	310.54900000000004	314.74530029296875	4.196300292968715
0.401	310.627	311.1301574707031	0.5031574707031155
0.406	310.63	316.5686340332031	5.9386340332031295
0.41200000000000003	310.721	316.5686340332031	5.847634033203121
0.418	310.69599999999997	305.7850646972656	4.9109353027343445
0.424	310.615	312.9324951171875	2.317495117187491
0.43	310.52299999999997	305.7850646972656	4.737935302734343
0.435	310.404	314.74530029296875	4.341300292968754
0.441	310.176	314.74530029296875	4.569300292968762
0.447	309.499	297.0799255371094	12.419074462890649
0.45299999999999996	305.957	312.9324951171875	6.975495117187506
0.45899999999999996	307.507	300.5318298339844	6.97517016601563
0.46399999999999997	308.094	307.5564880371094	0.5375119628906191
0.47	308.68	322.1021728515625	13.422172851562493
0.47600000000000003	309.26599999999996	312.9324951171875	3.6664951171875373
0.48200000000000004	313.769	318.4024963378906	4.6334963378906195
0.488	314.334	316.5686340332031	2.234634033203122
0.493	314.603	309.3381652832031	5.264834716796884
0.499	311.87	323.9681091308594	12.09810913085937
0.505	308.14099999999996	331.5405578613281	23.399557861328162
0.511	307.959	347.2205810546875	39.2615810546875
0.517	306.004	327.73248291015625	21.72848291015623
0.522	304.935	337.3358154296875	32.4008154296875
0.528	306.457	333.4611511230469	27.00415112304688
0.534	305.86400000000003	341.2555236816406	35.39152368164059
0.54	305.272	341.2555236816406	35.983523681640634
0.546	304.67900000000003	351.2550964355469	46.576096435546845
0.551	0.0	374.2977600097656	374.2977600097656
0.557	0.0	385.2655944824219	385.2655944824219
0.563	0.0	367.8675231933594	367.8675231933594
0.569	0.0	227.7601776123047	227.7601776123047
0.575	0.0	223.8473663330078	223.8473663330078
0.58	0.0	208.8568878173828	208.8568878173828
0.586	0.0	222.55809020996094	222.55809020996094
0.5920000000000001	261.558	221.27626037597656	40.28173962402343
0.598	261.558	231.7413787841797	29.816621215820305
0.604	261.558	218.7346649169922	42.823335083007805
0.61	261.558	237.15809631347656	24.39990368652343
0.615	261.012	263.1435852050781	2.1315852050781245
0.621	260.77299999999997	266.201171875	5.428171875000032
0.627	260.593	267.7432556152344	7.150255615234357
0.633	260.414	261.6279602050781	1.2139602050781377
0.639	260.702	264.6679382324219	3.965938232421877
0.644	260.712	275.5887756347656	14.876775634765636
0.65	260.8	283.6641845703125	22.86418457031249
0.6559999999999999	260.909	283.6641845703125	22.755184570312508
0.662	261.072	277.1852722167969	16.113272216796872
0.6679999999999999	261.209	257.1333312988281	4.075668701171878
0.6729999999999999	261.376	266.201171875	4.825171875000024
0.679	261.457	264.6679382324219	3.2109382324218814
0.685	261.557	254.17987060546875	7.377129394531266
0.691	261.59	270.8542785644531	9.26427856445315
0.6970000000000001	261.672	269.2942810058594	7.6222810058593495
0.7020000000000001	261.705	260.1210632324219	1.583936767578109
0.708	261.764	264.6679382324219	2.903938232421865
0.7140000000000001	261.788	266.201171875	4.413171874999989
0.72	261.866	251.26034545898438	10.60565454101561
0.726	261.91	267.7432556152344	5.83325561523435
0.731	261.961	263.1435852050781	1.1825852050781123
0.737	261.968	264.6679382324219	2.6999382324218573
0.743	262.001	267.7432556152344	5.742255615234399
0.7490000000000001	262.032	260.1210632324219	1.9109367675781073
0.755	262.073	269.2942810058594	7.221281005859396
0.76	262.105	254.17987060546875	7.925129394531268
0.7659999999999999	262.142	266.201171875	4.059171875000004
0.772	262.177	258.6228942871094	3.554105712890646
0.778	262.20099999999996	263.1435852050781	0.94258520507816
0.784	262.246	258.6228942871094	3.623105712890606
0.789	262.28	267.7432556152344	5.463255615234402
0.795	262.257	261.6279602050781	0.62903979492188
0.8009999999999999	262.33099999999996	267.7432556152344	5.412255615234415
0.807	262.32599999999996	263.1435852050781	0.81758520507816
0.813	262.316	264.6679382324219	2.351938232421901
0.8190000000000001	262.341	264.6679382324219	2.326938232421867
0.8240000000000001	262.342	252.71588134765625	9.626118652343735
0.83	262.332	267.7432556152344	5.411255615234381
0.836	262.285	264.6679382324219	2.38293823242185
0.8420000000000001	262.263	267.7432556152344	5.480255615234398
0.848	262.254	260.1210632324219	2.132936767578144
0.853	262.246	264.6679382324219	2.421938232421894
0.8590000000000001	264.85900000000004	255.65234375	9.206656250000037
0.865	263.834	266.201171875	2.367171874999997
0.871	268.939	260.1210632324219	8.817936767578146
0.877	268.845	248.37437438964844	20.47062561035159
0.882	305.063	261.6279602050781	43.43503979492186
0.888	308.637	266.201171875	42.435828125
0.894	308.276	267.7432556152344	40.532744384765635
0.9	308.84	288.6225891113281	20.21741088867185
0.9059999999999999	308.61	277.1852722167969	31.42472778320314
0.9109999999999999	308.681	283.6641845703125	25.016815429687483
0.917	308.752	300.5318298339844	8.220170166015635
0.9229999999999999	308.823	307.5564880371094	1.266511962890604
0.929	308.709	302.2728271484375	6.436172851562503
0.935	308.756	309.3381652832031	0.5821652832031532
0.94	308.825	304.0238952636719	4.801104736328114
0.946	308.79	300.5318298339844	8.258170166015645
0.9520000000000001	308.67400000000004	327.73248291015625	19.058482910156215
0.958	308.626	314.74530029296875	6.119300292968774
0.9640000000000001	308.578	300.5318298339844	8.0461701660156
0.9690000000000001	308.53	305.7850646972656	2.7449353027343477
0.975	308.873	305.7850646972656	3.0879353027343655
0.981	308.606	316.5686340332031	7.9626340332031305
0.987	308.243	309.3381652832031	1.09516528320313
0.993	307.772	305.7850646972656	1.9869353027343664
0.998	307.284	302.2728271484375	5.011172851562492
1.004	306.795	304.0238952636719	2.771104736328141
1.01	307.238	314.74530029296875	7.5073002929687505
1.016	307.682	318.4024963378906	10.720496337890609
1.022	308.125	302.2728271484375	5.8521728515625
1.0270000000000001	311.654	323.9681091308594	12.314109130859379
1.033	310.504	304.0238952636719	6.480104736328144
1.0390000000000001	309.353	304.0238952636719	5.329104736328134
1.045	305.295	322.1021728515625	16.807172851562484
1.051	302.691	298.8009033203125	3.890096679687474
1.057	299.35900000000004	322.1021728515625	22.743172851562463
1.062	0.0	335.3929138183594	335.3929138183594
1.068	0.0	331.5405578613281	331.5405578613281
1.074	0.0	347.2205810546875	347.2205810546875
1.08	0.0	343.2323913574219	343.2323913574219
1.0859999999999999	0.0	357.39495849609375	357.39495849609375
1.091	0.0	365.74871826171875	365.74871826171875
1.097	0.0	351.2550964355469	351.2550964355469
1.103	0.0	351.2550964355469	351.2550964355469
1.109	0.0	345.220703125	345.220703125
1.115	0.0	353.2899475097656	353.2899475097656
1.12	0.0	359.4653625488281	359.4653625488281
1.126	171.12099999999998	343.2323913574219	172.1113913574219
1.1320000000000001	171.301	337.3358154296875	166.0348154296875
1.138	171.301	335.3929138183594	164.0919138183594
1.1440000000000001	171.07	314.74530029296875	143.67530029296876
1.149	170.83900000000003	316.5686340332031	145.7296340332031
1.155	170.608	345.220703125	174.612703125
1.161	170.377	369.99853515625	199.62153515625
1.167	171.61599999999999	351.2550964355469	179.6390964355469
1.173	172.65099999999998	339.2900085449219	166.6390085449219
1.178	172.27599999999998	355.3365173339844	183.0605173339844
1.1840000000000002	172.643	367.8675231933594	195.22452319335937
1.19	173.09099999999998	380.84039306640625	207.74939306640627
1.196	173.498	374.2977600097656	200.79976000976563
1.202	173.90599999999998	355.3365173339844	181.4305173339844
1.207	174.313	353.2899475097656	178.97694750976564
1.213	174.50400000000002	341.2555236816406	166.7515236816406
1.219	174.419	349.2320251464844	174.81302514648436
1.225	174.257	353.2899475097656	179.03294750976562
1.2309999999999999	174.09599999999998	367.8675231933594	193.7715231933594
1.236	173.732	349.2320251464844	175.50002514648438
1.242	173.805	365.74871826171875	191.94371826171874
1.248	173.861	359.4653625488281	185.60436254882814
1.254	173.94099999999997	355.3365173339844	181.3955173339844
1.26	173.91299999999998	347.2205810546875	173.30758105468752
1.265	173.949	363.64215087890625	189.69315087890624
1.271	174.037	385.2655944824219	211.22859448242187
1.2770000000000001	174.145	403.4864807128906	229.34148071289061
1.2830000000000001	174.243	410.5393371582031	236.29633715820313
1.2890000000000001	174.365	394.27081298828125	219.90581298828124
1.295	174.50799999999998	394.27081298828125	219.76281298828127
1.3	174.61	405.8238830566406	231.2138830566406
1.306	174.607	405.8238830566406	231.21688305664063
1.3119999999999998	174.21099999999998	394.27081298828125	220.05981298828127
1.318	174.47	372.1419372558594	197.67193725585938
1.324	174.56400000000002	359.4653625488281	184.9013625488281
1.329	174.808	372.1419372558594	197.33393725585938
1.335	175.09900000000002	376.4660339355469	201.36703393554686
1.341	175.391	363.64215087890625	188.25115087890626
1.347	175.68200000000002	374.2977600097656	198.6157600097656
1.3530000000000002	175.97400000000002	369.99853515625	194.02453515624998
1.358	176.265	376.4660339355469	200.2010339355469
1.364	176.083	355.3365173339844	179.25351733398438
1.37	175.90200000000002	374.2977600097656	198.3957600097656
1.376	175.72	363.64215087890625	187.92215087890625
1.382	175.139	357.39495849609375	182.25595849609374
1.3869999999999998	174.558	339.2900085449219	164.73200854492188
1.393	173.977	333.4611511230469	159.48415112304687
1.399	173.396	322.1021728515625	148.7061728515625
1.405	172.815	327.73248291015625	154.91748291015625
1.411	173.956	322.1021728515625	148.1461728515625
1.416	173.446	325.8448486328125	152.3988486328125
1.422	172.935	316.5686340332031	143.63363403320312
1.4280000000000002	173.387	305.7850646972656	132.39806469726562
1.4340000000000002	173.838	302.2728271484375	128.4348271484375
1.44	174.458	312.9324951171875	138.4744951171875
1.445	174.99400000000003	300.5318298339844	125.53782983398435
1.4509999999999998	174.274	298.8009033203125	124.5269033203125
1.4569999999999999	174.545	293.6676330566406	119.12263305664064
1.463	174.408	307.5564880371094	133.1484880371094
1.469	176.153	309.3381652832031	133.18516528320313
1.474	177.898	307.5564880371094	129.65848803710938
1.48	0.0	305.7850646972656	305.7850646972656
1.486	0.0	304.0238952636719	304.0238952636719
1.492	0.0	316.5686340332031	316.5686340332031
1.4980000000000002	0.0	312.9324951171875	312.9324951171875
1.5030000000000001	0.0	329.6310119628906	329.6310119628906
1.5090000000000001	0.0	351.2550964355469	351.2550964355469
1.515	0.0	353.2899475097656	353.2899475097656
1.521	0.0	355.3365173339844	355.3365173339844
1.527	0.0	378.64691162109375	378.64691162109375
1.5330000000000001	0.0	408.1748046875	408.1748046875
1.538	0.0	415.30963134765625	415.30963134765625
1.544	0.0	401.1625671386719	401.1625671386719
1.55	0.0	412.9176025390625	412.9176025390625
1.556	0.0	415.30963134765625	415.30963134765625
1.5619999999999998	0.0	401.1625671386719	401.1625671386719
1.567	0.0	434.9514465332031	434.9514465332031
1.5730000000000002	0.0	455.5221862792969	455.5221862792969
1.579	0.0	460.81512451171875	460.81512451171875
1.585	0.0	458.1610107421875	458.1610107421875
1.591	0.0	455.5221862792969	455.5221862792969
1.5959999999999999	0.0	460.81512451171875	460.81512451171875
1.6019999999999999	0.0	468.8700866699219	468.8700866699219
1.608	0.0	455.5221862792969	455.5221862792969
1.614	0.0	460.81512451171875	460.81512451171875
1.62	0.0	466.16961669921875	466.16961669921875
1.625	0.0	450.2900390625	450.2900390625
1.631	0.0	458.1610107421875	458.1610107421875
1.6369999999999998	0.0	452.8985900878906	452.8985900878906
1.643	0.0	466.16961669921875	466.16961669921875
1.649	0.0	452.8985900878906	452.8985900878906
1.6540000000000001	0.0	447.6965637207031	447.6965637207031
1.66	0.0	460.81512451171875	460.81512451171875
1.666	0.0	458.1610107421875	458.1610107421875
1.672	0.0	437.4710998535156	437.4710998535156
1.6780000000000002	0.0	427.47918701171875	427.47918701171875
1.683	0.0	410.5393371582031	410.5393371582031
1.689	0.0	412.9176025390625	412.9176025390625
1.695	0.0	369.99853515625	369.99853515625
1.7009999999999998	0.0	349.2320251464844	349.2320251464844
1.7069999999999999	0.0	349.2320251464844	349.2320251464844
1.712	0.0	343.2323913574219	343.2323913574219
1.7180000000000002	0.0	359.4653625488281	359.4653625488281
1.724	0.0	369.99853515625	369.99853515625
1.73	0.0	341.2555236816406	341.2555236816406
1.736	0.0	359.4653625488281	359.4653625488281
1.7409999999999999	0.0	369.99853515625	369.99853515625
1.7469999999999999	0.0	355.3365173339844	355.3365173339844
1.7530000000000001	0.0	365.74871826171875	365.74871826171875
1.7590000000000001	0.0	374.2977600097656	374.2977600097656
1.765	0.0	0.0	0.0
1.771	0.0	0.0	0.0
1.776	0.0	0.0	0.0
1.7819999999999998	0.0	0.0	0.0
1.788	0.0	0.0	0.0
1.794	0.0	0.0	0.0
1.8	0.0	0.0	0.0
1.805	0.0	0.0	0.0
1.811	0.0	0.0	0.0
1.817	0.0	0.0	0.0
1.8230000000000002	0.0	0.0	0.0
1.829	0.0	0.0	0.0
1.834	0.0	0.0	0.0
1.84	0.0	0.0	0.0
1.8459999999999999	0.0	0.0	0.0
1.8519999999999999	0.0	0.0	0.0
1.858	0.0	0.0	0.0
1.8630000000000002	0.0	0.0	0.0
1.869	0.0	0.0	0.0
1.875	0.0	0.0	0.0
1.881	0.0	0.0	0.0
1.8869999999999998	0.0	0.0	0.0
1.892	0.0	0.0	0.0
1.8980000000000001	0.0	0.0	0.0
1.9040000000000001	0.0	0.0	0.0
1.91	0.0	0.0	0.0
1.916	0.0	0.0	0.0
1.921	0.0	0.0	0.0
1.9269999999999998	0.0	0.0	0.0
1.933	0.0	0.0	0.0
1.939	0.0	0.0	0.0
1.945	0.0	0.0	0.0
1.95	0.0	0.0	0.0
1.956	172.028	0.0	172.028
1.962	172.028	0.0	172.028
1.9680000000000002	173.74900000000002	0.0	173.74900000000002
1.974	173.74900000000002	302.2728271484375	128.52382714843748
1.98	173.74900000000002	351.2550964355469	177.50609643554685
1.985	173.74900000000002	347.2205810546875	173.47158105468748
1.9909999999999999	173.55200000000002	353.2899475097656	179.7379475097656
1.9969999999999999	173.938	355.3365173339844	181.3985173339844
2.003	174.148	351.2550964355469	177.10709643554688
2.009	174.278	367.8675231933594	193.58952319335938
2.0140000000000002	173.89	357.39495849609375	183.50495849609376
2.02	174.003	345.220703125	171.217703125
2.026	174.05200000000002	345.220703125	171.16870312499998
2.032	174.1	365.74871826171875	191.64871826171876
2.0380000000000003	173.828	353.2899475097656	179.46194750976562
2.043	173.882	345.220703125	171.338703125
2.049	173.995	349.2320251464844	175.23702514648437
2.055	174.11	353.2899475097656	179.1799475097656
2.061	174.166	372.1419372558594	197.97593725585938
2.0669999999999997	174.18099999999998	383.0466003417969	208.8656003417969
2.072	174.187	401.1625671386719	226.97556713867186
2.0780000000000003	174.204	367.8675231933594	193.66352319335937
2.084	174.22	355.3365173339844	181.11651733398438
2.09	174.24400000000003	345.220703125	170.97670312499997
2.096	174.305	339.2900085449219	164.98500854492187
2.101	174.41299999999998	363.64215087890625	189.22915087890627
2.1069999999999998	174.543	367.8675231933594	193.32452319335937
2.113	174.653	347.2205810546875	172.5675810546875
2.119	174.726	322.1021728515625	147.3761728515625
2.125	174.752	311.1301574707031	136.37815747070312
2.13	174.743	320.24700927734375	145.50400927734376
2.136	174.618	304.0238952636719	129.40589526367188
2.142	174.696	304.0238952636719	129.32789526367188
2.148	174.687	295.36883544921875	120.68183544921874
2.154	174.704	307.5564880371094	132.85248803710937
2.1590000000000003	174.733	318.4024963378906	143.66949633789062
2.165	174.753	309.3381652832031	134.58516528320314
2.171	174.74900000000002	316.5686340332031	141.8196340332031
2.177	174.736	337.3358154296875	162.5998154296875
2.1830000000000003	174.727	347.2205810546875	172.4935810546875
2.188	174.726	365.74871826171875	191.02271826171875
2.194	174.715	383.0466003417969	208.33160034179687
2.2	174.69099999999997	403.4864807128906	228.79548071289065
2.206	174.675	378.64691162109375	203.97191162109374
2.2119999999999997	174.68099999999998	363.64215087890625	188.96115087890627
2.218	174.695	343.2323913574219	168.53739135742188
2.2230000000000003	174.69	374.2977600097656	199.60776000976563
2.229	174.683	389.7421875	215.0591875
2.235	174.673	401.1625671386719	226.48956713867187
2.241	174.676	403.4864807128906	228.81048071289064
2.247	174.685	374.2977600097656	199.61276000976562
2.252	174.699	225.14410400390625	50.44510400390624
2.258	174.732	245.5215301513672	70.78953015136719
2.2640000000000002	174.775	241.30357360839844	66.52857360839843
2.27	174.808	241.30357360839844	66.49557360839844
2.276	174.822	339.2900085449219	164.46800854492187
2.281	174.808	353.2899475097656	178.48194750976563
2.287	174.78099999999998	349.2320251464844	174.4510251464844
2.293	174.753	363.64215087890625	188.88915087890626
2.299	174.722	345.220703125	170.498703125
2.305	174.679	322.1021728515625	147.4231728515625
2.31	174.62900000000002	349.2320251464844	174.60302514648436
2.316	174.585	380.84039306640625	206.25539306640624
2.322	174.592	380.84039306640625	206.24839306640624
2.3280000000000003	174.56599999999997	376.4660339355469	201.9000339355469
2.334	174.58599999999998	351.2550964355469	176.6690964355469
2.339	174.63	361.5477294921875	186.9177294921875
2.345	174.695	343.2323913574219	168.53739135742188
2.351	174.74400000000003	351.2550964355469	176.51109643554685
2.3569999999999998	174.763	341.2555236816406	166.49252368164062
2.363	174.767	361.5477294921875	186.7807294921875
2.3680000000000003	174.773	351.2550964355469	176.48209643554688
2.374	174.799	345.220703125	170.421703125
2.38	174.832	341.2555236816406	166.42352368164063
2.386	174.856	361.5477294921875	186.6917294921875
2.392	174.88	353.2899475097656	178.40994750976563
2.397	174.90099999999998	345.220703125	170.31970312500002
2.403	174.86700000000002	355.3365173339844	180.46951733398436
2.4090000000000003	174.885	361.5477294921875	186.6627294921875
2.415	174.86	345.220703125	170.360703125
2.421	174.858	349.2320251464844	174.37402514648437
2.426	174.88400000000001	345.220703125	170.33670312499999
2.432	174.91099999999997	355.3365173339844	180.4255173339844
2.438	174.918	372.1419372558594	197.22393725585937
2.444	174.90599999999998	349.2320251464844	174.3260251464844
2.45	174.88400000000001	337.3358154296875	162.45181542968749
2.456	174.87099999999998	349.2320251464844	174.3610251464844
2.461	174.87900000000002	351.2550964355469	176.37609643554686
2.467	174.895	343.2323913574219	168.33739135742186
2.4730000000000003	174.892	351.2550964355469	176.36309643554688
2.479	174.852	349.2320251464844	174.38002514648437
2.485	174.787	357.39495849609375	182.60795849609374
2.49	174.736	349.2320251464844	174.49602514648439
2.496	174.715	337.3358154296875	162.6208154296875
2.502	174.71200000000002	365.74871826171875	191.03671826171873
2.508	174.71599999999998	359.4653625488281	184.74936254882815
2.5140000000000002	174.72400000000002	341.2555236816406	166.5315236816406
2.519	174.74599999999998	341.2555236816406	166.50952368164064
2.525	174.78099999999998	349.2320251464844	174.4510251464844
2.531	174.82	345.220703125	170.400703125
2.537	174.84799999999998	351.2550964355469	176.4070964355469
2.543	174.864	345.220703125	170.356703125
2.548	174.878	353.2899475097656	178.41194750976564
2.5540000000000003	174.89	347.2205810546875	172.3305810546875
2.56	174.893	355.3365173339844	180.44351733398437
2.5660000000000003	174.885	385.2655944824219	210.38059448242188
2.572	174.864	359.4653625488281	184.60136254882812
2.577	174.84400000000002	357.39495849609375	182.55095849609373
2.583	174.826	347.2205810546875	172.3945810546875
2.589	174.832	347.2205810546875	172.3885810546875
2.595	174.855	374.2977600097656	199.44276000976564
2.6010000000000004	174.878	408.1748046875	233.2968046875
2.6060000000000003	174.86599999999999	401.1625671386719	226.2965671386719
2.612	174.827	425.01708984375	250.19008984375
2.6180000000000003	174.78099999999998	410.5393371582031	235.75833715820315
2.6239999999999997	174.752	385.2655944824219	210.51359448242187
2.63	174.74200000000002	410.5393371582031	235.7973371582031
2.635	174.752	412.9176025390625	238.1656025390625
2.641	174.77200000000002	410.5393371582031	235.7673371582031
2.647	174.77700000000002	401.1625671386719	226.38556713867186
2.653	174.762	412.9176025390625	238.1556025390625
2.659	174.74599999999998	405.8238830566406	231.07788305664064
2.6639999999999997	174.74400000000003	408.1748046875	233.43080468749997
2.67	174.753	378.64691162109375	203.89391162109376
2.676	174.77700000000002	343.2323913574219	168.45539135742186
2.682	174.82	355.3365173339844	180.51651733398438
2.688	174.857	345.220703125	170.363703125
2.694	174.86700000000002	347.2205810546875	172.35358105468748
2.699	174.845	339.2900085449219	164.44500854492188
2.705	174.821	347.2205810546875	172.3995810546875
2.7110000000000003	174.815	351.2550964355469	176.44009643554688
2.717	174.827	367.8675231933594	193.04052319335938
2.7230000000000003	174.83900000000003	349.2320251464844	174.39302514648435
2.728	174.85	351.2550964355469	176.40509643554688
2.734	174.86599999999999	355.3365173339844	180.4705173339844
2.74	174.87599999999998	376.4660339355469	201.5900339355469
2.7460000000000004	174.872	351.2550964355469	176.38309643554686
2.752	174.86700000000002	343.2323913574219	168.36539135742186
2.7569999999999997	174.868	339.2900085449219	164.42200854492188
2.763	174.875	349.2320251464844	174.35702514648438
2.7689999999999997	174.87	349.2320251464844	174.36202514648437
2.775	174.85299999999998	349.2320251464844	174.3790251464844
2.781	174.83700000000002	353.2899475097656	178.4529475097656
2.786	174.842	347.2205810546875	172.3785810546875
2.792	174.862	361.5477294921875	186.6857294921875
2.798	174.877	351.2550964355469	176.37809643554687
2.804	174.878	337.3358154296875	162.4578154296875
2.81	174.88400000000001	363.64215087890625	188.75815087890624
2.815	174.903	355.3365173339844	180.43351733398438
2.821	174.924	357.39495849609375	182.47095849609374
2.827	174.921	361.5477294921875	186.6267294921875
2.833	174.89	357.39495849609375	182.50495849609376
2.839	174.86599999999999	365.74871826171875	190.88271826171876
2.844	174.87900000000002	363.64215087890625	188.76315087890623
2.85	174.93	351.2550964355469	176.32509643554687
2.8560000000000003	174.981	353.2899475097656	178.30894750976563
2.862	175.005	353.2899475097656	178.28494750976563
2.8680000000000003	175.003	349.2320251464844	174.2290251464844
2.873	174.997	329.6310119628906	154.6340119628906
2.8789999999999996	174.986	548.0051879882812	373.01918798828126
2.885	174.956	564.0631103515625	389.1071103515625
2.891	174.928	557.584228515625	382.656228515625
2.897	174.93400000000003	526.2892456054688	351.3552456054687
2.9019999999999997	174.97400000000002	532.4044799804688	357.4304799804687
2.908	175.00900000000001	523.258056640625	348.249056640625
2.9139999999999997	175.00799999999998	538.5906982421875	363.5826982421875
2.92	174.987	538.5906982421875	363.60369824218753
2.926	174.967	535.4887084960938	360.52170849609377
2.932	174.957	520.2442626953125	345.2872626953125
2.937	174.949	544.8489379882812	369.89993798828124
2.943	174.94	529.3380126953125	354.3980126953125
2.949	174.93200000000002	526.2892456054688	351.35724560546873
2.955	174.93400000000003	532.4044799804688	357.4704799804687
2.9610000000000003	174.93900000000002	517.2478637695312	342.30886376953123
2.966	174.93599999999998	511.3067321777344	336.3707321777344
2.972	174.92700000000002	517.2478637695312	342.32086376953123
2.978	174.918	526.2892456054688	351.37124560546874
2.984	174.922	520.2442626953125	345.3222626953125
2.99	174.93200000000002	554.372802734375	379.440802734375
2.995	174.94799999999998	0.0	174.94799999999998
3.0010000000000003	174.967	0.0	174.967
3.0069999999999997	174.96900000000002	0.0	174.96900000000002
3.013	174.955	0.0	174.955
3.0189999999999997	174.94799999999998	0.0	174.94799999999998
3.0239999999999996	174.96599999999998	0.0	174.96599999999998
3.03	174.998	0.0	174.998
3.036	175.025	0.0	175.025
3.042	175.03400000000002	0.0	175.03400000000002
3.048	175.03	0.0	175.03
3.053	175.016	361.5477294921875	186.5317294921875
3.0589999999999997	174.99599999999998	357.39495849609375	182.39895849609377
3.065	174.975	357.39495849609375	182.41995849609376
3.071	174.963	337.3358154296875	162.3728154296875
3.077	174.963	343.2323913574219	168.26939135742188
3.082	174.97299999999998	345.220703125	170.24770312500002
3.088	174.98	349.2320251464844	174.25202514648439
3.094	174.976	351.2550964355469	176.27909643554688
3.1	174.963	347.2205810546875	172.2575810546875
3.1060000000000003	174.955	351.2550964355469	176.30009643554686
3.111	174.958	351.2550964355469	176.29709643554688
3.117	174.97799999999998	349.2320251464844	174.2540251464844
3.123	175.018	351.2550964355469	176.23709643554687
3.1289999999999996	175.05900000000003	355.3365173339844	180.27751733398435
3.135	175.076	353.2899475097656	178.21394750976563
3.14	175.06799999999998	353.2899475097656	178.22194750976564
3.1460000000000004	175.045	353.2899475097656	178.24494750976564
3.1519999999999997	175.03	353.2899475097656	178.25994750976562
3.158	175.02900000000002	353.2899475097656	178.2609475097656
3.1639999999999997	175.02900000000002	347.2205810546875	172.19158105468748
3.17	175.015	349.2320251464844	174.2170251464844
3.175	174.993	353.2899475097656	178.29694750976563
3.181	174.97	349.2320251464844	174.26202514648438
3.187	174.945	351.2550964355469	176.31009643554688
3.193	174.922	357.39495849609375	182.47295849609375
3.199	174.908	349.2320251464844	174.3240251464844
3.2039999999999997	174.922	349.2320251464844	174.31002514648438
3.21	174.958	347.2205810546875	172.2625810546875
3.216	174.998	351.2550964355469	176.25709643554688
3.222	175.032	349.2320251464844	174.20002514648436
3.228	175.05599999999998	351.2550964355469	176.1990964355469
3.233	175.07	351.2550964355469	176.18509643554688
3.239	175.076	351.2550964355469	176.17909643554688
3.245	175.078	351.2550964355469	176.17709643554687
3.2510000000000003	175.082	353.2899475097656	178.20794750976563
3.2569999999999997	175.093	349.2320251464844	174.13902514648439
3.262	175.105	351.2550964355469	176.15009643554689
3.2680000000000002	175.11700000000002	353.2899475097656	178.1729475097656
3.2739999999999996	175.122	347.2205810546875	172.0985810546875
3.28	175.12099999999998	357.39495849609375	182.27395849609377
3.286	175.123	347.2205810546875	172.0975810546875
3.2910000000000004	175.12	349.2320251464844	174.11202514648437
3.2969999999999997	175.107	345.220703125	170.113703125
3.303	175.084	343.2323913574219	168.14839135742187
3.3089999999999997	175.06599999999997	329.6310119628906	154.56501196289065
3.315	175.062	329.6310119628906	154.5690119628906
3.32	175.06099999999998	347.2205810546875	172.15958105468752
3.326	175.053	361.5477294921875	186.4947294921875
3.332	175.042	353.2899475097656	178.24794750976562
3.338	175.037	333.4611511230469	158.42415112304687
3.344	175.035	345.220703125	170.185703125
3.3489999999999998	175.03400000000002	361.5477294921875	186.51372949218748
3.355	175.032	372.1419372558594	197.10993725585936
3.361	175.032	361.5477294921875	186.5157294921875
3.367	175.046	369.99853515625	194.95253515625
3.373	175.065	372.1419372558594	197.07693725585938
3.3789999999999996	175.081	353.2899475097656	178.20894750976564
3.384	175.08599999999998	351.2550964355469	176.1690964355469
3.39	175.09099999999998	345.220703125	170.12970312500002
3.3960000000000004	175.1	353.2899475097656	178.18994750976563
3.4019999999999997	175.113	339.2900085449219	164.17700854492188
3.408	175.115	355.3365173339844	180.22151733398437
3.4130000000000003	175.114	378.64691162109375	203.53291162109375
3.4189999999999996	175.12	369.99853515625	194.87853515625
3.425	175.13099999999997	343.2323913574219	168.1013913574219
3.431	175.13099999999997	333.4611511230469	158.3301511230469
3.437	175.12	333.4611511230469	158.34115112304687
3.4419999999999997	175.11	361.5477294921875	186.4377294921875
3.448	175.112	337.3358154296875	162.2238154296875
3.4539999999999997	175.127	367.8675231933594	192.74052319335937
3.46	175.14700000000002	359.4653625488281	184.3183625488281
3.466	175.16400000000002	369.99853515625	194.83453515624998
3.471	175.17700000000002	349.2320251464844	174.05502514648435
3.477	175.185	372.1419372558594	196.95693725585937
3.483	175.197	363.64215087890625	188.44515087890625
3.489	175.21200000000002	361.5477294921875	186.33572949218748
3.495	175.22099999999998	353.2899475097656	178.06894750976565
3.5	175.222	365.74871826171875	190.52671826171874
3.5060000000000002	175.226	341.2555236816406	166.02952368164063
3.512	175.243	357.39495849609375	182.15195849609376
3.5180000000000002	175.266	353.2899475097656	178.02394750976563
3.5239999999999996	175.291	361.5477294921875	186.2567294921875
3.529	175.30900000000003	361.5477294921875	186.23872949218747
3.535	175.321	333.4611511230469	158.14015112304688
3.5410000000000004	175.329	347.2205810546875	171.8915810546875
3.5469999999999997	175.34	361.5477294921875	186.2077294921875
3.553	175.35	357.39495849609375	182.04495849609376
3.5580000000000003	175.354	351.2550964355469	175.90109643554686
3.5639999999999996	175.351	345.220703125	169.869703125
3.57	175.352	363.64215087890625	188.29015087890625
3.576	175.358	359.4653625488281	184.10736254882812
3.582	175.357	355.3365173339844	179.97951733398438
3.5869999999999997	175.34799999999998	359.4653625488281	184.11736254882814
3.593	175.335	351.2550964355469	175.92009643554687
3.5989999999999998	175.33	369.99853515625	194.66853515625
3.605	175.33599999999998	361.5477294921875	186.21172949218752
3.611	175.352	345.220703125	169.868703125
3.617	175.37099999999998	347.2205810546875	171.84958105468752
3.622	175.388	374.2977600097656	198.90976000976562
3.628	175.391	0.0	175.391
3.634	175.38400000000001	0.0	175.38400000000001
3.64	175.38299999999998	0.0	175.38299999999998
3.6460000000000004	175.395	0.0	175.395
3.6510000000000002	175.416	0.0	175.416
3.657	175.429	0.0	175.429
3.6630000000000003	175.428	0.0	175.428
3.6689999999999996	175.416	0.0	175.416
3.675	175.407	0.0	175.407
3.68	175.415	0.0	175.415
3.6860000000000004	175.435	0.0	175.435
3.6919999999999997	175.454	0.0	175.454
3.698	175.465	0.0	175.465
3.7039999999999997	175.47	0.0	175.47
3.7089999999999996	175.479	0.0	175.479
3.715	175.49	0.0	175.49
3.721	175.5	0.0	175.5
3.727	175.49200000000002	0.0	175.49200000000002
3.733	175.47099999999998	0.0	175.47099999999998
3.738	175.453	0.0	175.453
3.7439999999999998	175.44799999999998	0.0	175.44799999999998
3.75	175.459	0.0	175.459
3.7560000000000002	175.47400000000002	0.0	175.47400000000002
3.762	175.483	0.0	175.483
3.767	175.485	389.7421875	214.2571875
3.773	175.482	372.1419372558594	196.65993725585938
3.779	175.476	357.39495849609375	181.91895849609375
3.785	175.481	367.8675231933594	192.38652319335938
3.7910000000000004	175.489	378.64691162109375	203.15791162109375
3.7960000000000003	175.50599999999997	357.39495849609375	181.88895849609378
3.802	175.521	353.2899475097656	177.76894750976564
3.8080000000000003	175.52700000000002	355.3365173339844	179.80951733398436
3.8139999999999996	175.53099999999998	343.2323913574219	167.7013913574219
3.82	175.53599999999997	369.99853515625	194.46253515625003
3.825	175.535	357.39495849609375	181.85995849609375
3.8310000000000004	175.52	341.2555236816406	165.73552368164061
3.8369999999999997	175.49900000000002	367.8675231933594	192.36852319335935
3.843	175.47400000000002	363.64215087890625	188.16815087890623
3.8489999999999998	175.45	387.4974365234375	212.0474365234375
3.855	177.18	389.7421875	212.5621875
3.86	177.91099999999997	378.64691162109375	200.73591162109378
3.866	175.558	363.64215087890625	188.08415087890626
3.872	176.578	359.4653625488281	182.88736254882812
3.878	175.042	351.2550964355469	176.21309643554687
3.884	174.957	351.2550964355469	176.29809643554688
3.889	174.938	355.3365173339844	180.3985173339844
3.895	175.02	385.2655944824219	210.24559448242186
3.9010000000000002	176.726	391.99993896484375	215.27393896484375
3.907	176.00799999999998	372.1419372558594	196.1339372558594
3.9130000000000003	175.92700000000002	378.64691162109375	202.71991162109373
3.918	179.03799999999998	369.99853515625	190.96053515625002
3.924	0.0	378.64691162109375	378.64691162109375
3.93	0.0	385.2655944824219	385.2655944824219
3.9360000000000004	0.0	365.74871826171875	365.74871826171875
3.9419999999999997	0.0	383.0466003417969	383.0466003417969
3.947	0.0	361.5477294921875	361.5477294921875
3.9530000000000003	0.0	0.0	0.0
3.9589999999999996	0.0	0.0	0.0
3.965	0.0	0.0	0.0
3.971	0.0	0.0	0.0
3.9760000000000004	0.0	0.0	0.0
3.9819999999999998	0.0	0.0	0.0
3.988	0.0	0.0	0.0
3.9939999999999998	0.0	0.0	0.0
4.0	0.0	0.0	0.0
4.005	0.0	0.0	0.0
4.011	0.0	0.0	0.0
4.0169999999999995	0.0	0.0	0.0
4.023	0.0	0.0	0.0
4.029	0.0	0.0	0.0
4.034	0.0	0.0	0.0
4.04	0.0	0.0	0.0
4.046	0.0	0.0	0.0
4.052	0.0	0.0	0.0
4.058	0.0	0.0	0.0
4.063	0.0	0.0	0.0
4.069	0.0	0.0	0.0
4.075	0.0	0.0	0.0
4.081	0.0	0.0	0.0
4.087	0.0	0.0	0.0
4.093	0.0	0.0	0.0
4.098	0.0	0.0	0.0
4.104	0.0	0.0	0.0
4.11	0.0	0.0	0.0
4.1160000000000005	0.0	0.0	0.0
4.122	0.0	0.0	0.0
4.127	0.0	0.0	0.0
4.133	0.0	0.0	0.0
4.138999999999999	0.0	0.0	0.0
4.145	0.0	0.0	0.0
4.151	0.0	0.0	0.0
4.156000000000001	0.0	0.0	0.0
4.162	0.0	0.0	0.0
4.168	0.0	0.0	0.0
4.1739999999999995	0.0	0.0	0.0
4.18	0.0	0.0	0.0
4.185	0.0	0.0	0.0
4.191	0.0	434.9514465332031	434.9514465332031
4.197	0.0	455.5221862792969	455.5221862792969
4.203	0.0	460.81512451171875	460.81512451171875
4.209	0.0	458.1610107421875	458.1610107421875
4.2139999999999995	0.0	460.81512451171875	460.81512451171875
4.22	0.0	488.216796875	488.216796875
4.226	0.0	458.1610107421875	458.1610107421875
4.232	0.0	434.9514465332031	434.9514465332031
4.238	0.0	463.4846496582031	463.4846496582031
4.243	0.0	442.5543212890625	442.5543212890625
4.249	0.0	432.4462890625	432.4462890625
4.255	0.0	422.56915283203125	422.56915283203125
4.261	0.0	401.1625671386719	401.1625671386719
4.2669999999999995	0.0	398.8520202636719	398.8520202636719
4.272	0.0	415.30963134765625	415.30963134765625
4.2780000000000005	0.0	434.9514465332031	434.9514465332031
4.284	0.0	460.81512451171875	460.81512451171875
4.29	0.0	491.0450744628906	491.0450744628906
4.296	0.0	0.0	0.0
4.301	0.0	0.0	0.0
4.3069999999999995	0.0	0.0	0.0
4.313	0.0	0.0	0.0
4.319	0.0	0.0	0.0
4.325	0.0	0.0	0.0
4.331	0.0	0.0	0.0
4.336	0.0	0.0	0.0
4.342	0.0	0.0	0.0
4.348	0.0	0.0	0.0
4.354	0.0	0.0	0.0
4.36	0.0	0.0	0.0
4.365	0.0	0.0	0.0
4.371	0.0	0.0	0.0
4.377	0.0	0.0	0.0
4.383	249.562	0.0	249.562
4.388999999999999	254.553	0.0	254.553
4.394	254.553	0.0	254.553
4.4	257.098	0.0	257.098
4.406000000000001	259.644	0.0	259.644
4.412	259.151	0.0	259.151
4.418	259.23900000000003	0.0	259.23900000000003
4.423	259.868	0.0	259.868
4.428999999999999	259.983	0.0	259.983
4.435	259.55400000000003	0.0	259.55400000000003
4.441	259.649	280.4060363769531	20.757036376953124
4.447	259.639	266.201171875	6.56217187499999
4.452	259.672	260.1210632324219	0.44906323242184953
4.458	259.749	257.1333312988281	2.6156687011718986
4.4639999999999995	259.837	263.1435852050781	3.306585205078136
4.47	259.97700000000003	257.1333312988281	2.8436687011719073
4.476	260.121	241.30357360839844	18.817426391601543
4.481	260.285	258.6228942871094	1.66210571289065
4.487	260.405	258.6228942871094	1.7821057128905977
4.493	260.52	258.6228942871094	1.8971057128906068
4.499	260.6	266.201171875	5.601171874999977
4.505	260.677	258.6228942871094	2.054105712890646
4.51	260.723	261.6279602050781	0.9049602050781118
4.516	260.78700000000003	257.1333312988281	3.6536687011719096
4.522	260.85200000000003	264.6679382324219	3.8159382324218427
4.5280000000000005	260.968	263.1435852050781	2.1755852050781073
4.534	261.091	255.65234375	5.438656250000008
4.54	261.241	261.6279602050781	0.38696020507813955
4.545	261.329	269.2942810058594	7.965281005859367
4.551	261.404	264.6679382324219	3.2639382324218786
4.5569999999999995	261.43	261.6279602050781	0.19796020507811818
4.563	261.515	260.1210632324219	1.3939367675781114
4.569	261.574	261.6279602050781	0.05396020507811272
4.574	261.671	257.1333312988281	4.537668701171867
4.58	261.7	258.6228942871094	3.0771057128906136
4.586	261.76	272.42333984375	10.663339843750009
4.592	261.783	260.1210632324219	1.6619367675781405
4.598	261.835	261.6279602050781	0.20703979492185454
4.603	261.843	248.37437438964844	13.46862561035158
4.609	261.879	267.7432556152344	5.864255615234356
4.615	261.88599999999997	260.1210632324219	1.7649367675780923
4.621	261.91700000000003	257.1333312988281	4.783668701171905
4.627	261.961	245.5215301513672	16.439469848632825
4.632	262.178	244.107421875	18.070578124999997
4.638	262.309	264.6679382324219	2.358938232421849
4.644	262.44	252.71588134765625	9.724118652343748
4.65	262.57	261.6279602050781	0.9420397949218682
4.656000000000001	262.70099999999996	264.6679382324219	1.96693823242191
4.6610000000000005	262.83099999999996	277.1852722167969	14.354272216796915
4.667	309.834	286.9602355957031	22.873764404296878
4.673	310.605	300.5318298339844	10.073170166015643
4.678999999999999	310.444	322.1021728515625	11.658172851562483
4.685	310.309	314.74530029296875	4.436300292968724
4.69	310.219	327.73248291015625	17.513482910156256
4.696000000000001	310.13	307.5564880371094	2.5735119628906205
4.702	310.185	318.4024963378906	8.217496337890623
4.708	309.976	305.7850646972656	4.190935302734374
4.7139999999999995	310.085	327.73248291015625	17.64748291015627
4.718999999999999	310.138	355.3365173339844	45.1985173339844
4.725	310.218	325.8448486328125	15.626848632812482
4.731	310.285	307.5564880371094	2.72851196289065
4.737	310.358	316.5686340332031	6.210634033203121
4.743	310.481	311.1301574707031	0.6491574707031305
4.748	310.461	309.3381652832031	1.1228347167968877
4.754	310.361	312.9324951171875	2.57149511718751
4.76	310.53	305.7850646972656	4.744935302734348
4.766	310.45799999999997	309.3381652832031	1.119834716796845
4.772	310.67400000000004	305.7850646972656	4.88893530273441
4.7780000000000005	310.73	325.8448486328125	15.114848632812482
4.783	310.865	312.9324951171875	2.067495117187491
4.789	310.918	323.9681091308594	13.050109130859369
4.795	310.938	291.9762268066406	18.961773193359363
4.801	311.012	272.42333984375	38.58866015625
4.8069999999999995	311.058	290.2945861816406	20.763413818359368
4.812	311.173	275.5887756347656	35.58422436523438
4.8180000000000005	310.953	297.0799255371094	13.8730744628906
4.824	310.172	318.4024963378906	8.2304963378906
4.83	309.16	305.7850646972656	3.3749353027344
4.836	308.147	331.5405578613281	23.393557861328134
4.841	306.935	305.7850646972656	1.1499353027343773
4.8469999999999995	306.332	309.3381652832031	3.0061652832031314
4.853	308.47900000000004	0.0	308.47900000000004
4.859	310.445	0.0	310.445
4.865	308.307	0.0	308.307
4.87	309.0	0.0	309.0
4.876	309.693	0.0	309.693
4.882	307.283	0.0	307.283
4.888	311.131	0.0	311.131
4.894	309.545	0.0	309.545
4.899	307.959	0.0	307.959
4.905	306.373	0.0	306.373
4.9110000000000005	304.78700000000003	0.0	304.78700000000003
4.917	303.20099999999996	0.0	303.20099999999996
4.923	266.91700000000003	0.0	266.91700000000003
4.928	265.48900000000003	0.0	265.48900000000003
4.934	261.431	0.0	261.431
4.94	258.688	0.0	258.688
4.946000000000001	260.393	0.0	260.393
4.952	260.193	0.0	260.193
4.957	261.142	0.0	261.142
4.963	265.845	0.0	265.845
4.968999999999999	263.298	286.9602355957031	23.662235595703123
4.975	261.91900000000004	263.1435852050781	1.2245852050780854
4.981	261.784	246.94381713867188	14.840182861328117
4.986000000000001	261.543	245.5215301513672	16.02146984863282
4.992	261.33799999999997	261.6279602050781	0.28996020507815956
4.998	261.26599999999996	258.6228942871094	2.6431057128905877
5.004	261.29200000000003	266.201171875	4.90917187499997
5.01	261.369	290.2945861816406	28.925586181640597
5.016	261.48900000000003	295.36883544921875	33.87983544921872
5.021	261.638	283.6641845703125	22.026184570312523
5.027	261.759	291.9762268066406	30.21722680664061
5.033	261.875	298.8009033203125	36.9259033203125
5.039	261.98	291.9762268066406	29.996226806640607
5.045	262.092	293.6676330566406	31.57563305664064
5.05	262.145	302.2728271484375	40.12782714843752
5.056	262.07	298.8009033203125	36.73090332031251
5.062	262.177	295.36883544921875	33.19183544921873
5.0680000000000005	262.172	290.2945861816406	28.1225861816406
5.074	262.156	270.8542785644531	8.698278564453119
5.079	262.185	258.6228942871094	3.5621057128906273
5.085	262.185	248.37437438964844	13.810625610351565
5.091	262.19	267.7432556152344	5.553255615234377
5.0969999999999995	262.165	255.65234375	6.5126562500000205
5.103	262.18	264.6679382324219	2.487938232421868
5.1080000000000005	262.2	257.1333312988281	5.066668701171864
5.114	262.286	278.7909851074219	16.504985107421874
5.12	262.381	252.71588134765625	9.665118652343722
5.126	262.499	266.201171875	3.7021718749999764
5.132000000000001	262.562	258.6228942871094	3.939105712890637
5.1370000000000005	262.591	260.1210632324219	2.469936767578133
5.143	262.58	264.6679382324219	2.087938232421891
5.149	262.57099999999997	258.6228942871094	3.9481057128905945
5.155	262.572	266.201171875	3.6291718749999973
5.1610000000000005	262.582	258.6228942871094	3.9591057128906186
5.166	262.607	274.0014953613281	11.394495361328097
5.172000000000001	262.605	252.71588134765625	9.889118652343768
5.178	262.623	264.6679382324219	2.0449382324218845
5.184	262.597	263.1435852050781	0.546585205078145
5.19	262.58	261.6279602050781	0.9520397949218591
5.195	262.547	260.1210632324219	2.4259367675781505
5.2010000000000005	262.569	261.6279602050781	0.9410397949218918
5.207000000000001	263.025	261.6279602050781	1.3970397949218523
5.212999999999999	265.897	258.6228942871094	7.274105712890616
5.218999999999999	264.52299999999997	270.8542785644531	6.331278564453157
5.224	269.776	264.6679382324219	5.1080617675781355
5.23	269.707	309.3381652832031	39.63116528320313
5.236000000000001	309.14	311.1301574707031	1.9901574707031386
5.242000000000001	310.106	305.7850646972656	4.3209353027343695
5.247999999999999	309.79	309.3381652832031	0.45183471679689546
5.254	309.731	312.9324951171875	3.2014951171875055
5.2589999999999995	309.806	312.9324951171875	3.126495117187517
5.265	309.881	304.0238952636719	5.857104736328097
5.271	309.415	307.5564880371094	1.8585119628906455
5.277	309.672	311.1301574707031	1.4581574707030995
5.2829999999999995	309.658	311.1301574707031	1.4721574707031095
5.287999999999999	309.44	307.5564880371094	1.8835119628906227
5.294	309.223	307.5564880371094	1.6665119628906382
5.3	309.342	309.3381652832031	0.0038347167968595386
5.306	309.289	307.5564880371094	1.7325119628906123
5.312	309.237	311.1301574707031	1.8931574707031018
5.317	309.327	311.1301574707031	1.8031574707031268
5.3229999999999995	309.286	309.3381652832031	0.052165283203123636
5.329	309.246	307.5564880371094	1.689511962890606
5.335	309.205	307.5564880371094	1.648511962890609
5.341	309.165	311.1301574707031	1.9651574707031045
5.346	309.288	307.5564880371094	1.731511962890636
5.352	309.415	307.5564880371094	1.8585119628906455
5.358	309.19599999999997	311.1301574707031	1.9341574707031555
5.364	309.328	309.3381652832031	0.010165283203150466
5.37	308.895	309.3381652832031	0.4431652832031432
5.375	308.065	309.3381652832031	1.2731652832031273
5.381	307.14799999999997	307.5564880371094	0.4084880371094073
5.3870000000000005	306.231	305.7850646972656	0.44593530273436954
5.393	305.314	304.0238952636719	1.2901047363281464
5.399	307.441	309.3381652832031	1.897165283203151
5.404	309.43	311.1301574707031	1.7001574707031182
5.41	308.373	305.7850646972656	2.5879353027343655
5.416	308.411	312.9324951171875	4.521495117187499
5.422000000000001	308.448	312.9324951171875	4.484495117187521
5.428	302.316	314.74530029296875	12.429300292968776
5.433	299.86400000000003	305.7850646972656	5.921064697265592
5.439	301.48400000000004	329.6310119628906	28.147011962890588
5.445	316.31	333.4611511230469	17.151151123046873
5.4510000000000005	179.00900000000001	345.220703125	166.21170312499999
5.457000000000001	178.86700000000002	335.3929138183594	156.52591381835936
5.462000000000001	175.15099999999998	339.2900085449219	164.1390085449219
5.468	176.68599999999998	351.2550964355469	174.5690964355469
5.474	176.88	345.220703125	168.340703125
5.48	175.967	345.220703125	169.253703125
5.486000000000001	174.692	339.2900085449219	164.59800854492187
5.492000000000001	173.00799999999998	325.8448486328125	152.83684863281252
5.497000000000001	172.21900000000002	337.3358154296875	165.11681542968748
5.502999999999999	172.40900000000002	337.3358154296875	164.92681542968748
5.5089999999999995	172.532	347.2205810546875	174.6885810546875
5.515	172.688	335.3929138183594	162.7049138183594
5.521	172.845	345.220703125	172.375703125
5.526	173.00099999999998	341.2555236816406	168.25452368164065
5.532	172.735	312.9324951171875	140.1974951171875
5.537999999999999	172.78	520.2442626953125	347.4642626953125
5.544	172.833	523.258056640625	350.42505664062503
5.55	172.899	517.2478637695312	344.34886376953125
5.555	172.99	526.2892456054688	353.29924560546874
5.561	173.1	517.2478637695312	344.1478637695312
5.567	173.21	479.8294982910156	306.6194982910156
5.5729999999999995	173.32	508.36181640625	335.04181640625
5.579	173.43	520.2442626953125	346.8142626953125
5.584	173.53900000000002	491.0450744628906	317.50607446289064
5.59	173.649	514.2687377929688	340.61973779296875
5.596	173.608	502.5227355957031	328.9147355957031
5.602	173.67	538.5906982421875	364.92069824218754
5.608	173.732	532.4044799804688	358.6724799804688
5.6129999999999995	173.794	520.2442626953125	346.4502626953125
5.619	173.857	520.2442626953125	346.38726269531253
5.625	173.919	538.5906982421875	364.6716982421875
5.631	173.981	520.2442626953125	346.2632626953125
5.6370000000000005	174.092	482.609130859375	308.517130859375
5.642	174.203	488.216796875	314.013796875
5.648	174.31400000000002	529.3380126953125	355.0240126953125
5.654	174.425	526.2892456054688	351.86424560546874
5.66	174.235	526.2892456054688	352.05424560546874
5.666	174.31599999999997	529.3380126953125	355.0220126953125
5.671	173.481	526.2892456054688	352.80824560546876
5.6770000000000005	172.843	526.2892456054688	353.4462456054688
5.683	172.206	526.2892456054688	354.08324560546873
5.689	173.28400000000002	511.3067321777344	338.0227321777344
5.695	172.828	526.2892456054688	353.4612456054688
5.7	172.778	535.4887084960938	362.71070849609373
5.706	174.25	520.2442626953125	345.9942626953125
5.712000000000001	174.87900000000002	523.258056640625	348.379056640625
5.718	174.171	541.7108154296875	367.5398154296875
5.724	173.46200000000002	520.2442626953125	346.7822626953125
5.73	172.75400000000002	535.4887084960938	362.73470849609373
5.735	172.045	514.2687377929688	342.2237377929688
5.7410000000000005	173.05	523.258056640625	350.208056640625
5.747000000000001	172.65900000000002	538.5906982421875	365.9316982421875
5.752999999999999	172.592	365.74871826171875	193.15671826171874
5.7589999999999995	174.08700000000002	347.2205810546875	173.13358105468748
5.763999999999999	173.21	345.220703125	172.010703125
5.77	175.021	363.64215087890625	188.62115087890626
5.776	174.197	357.39495849609375	183.19795849609375
5.782	174.148	369.99853515625	195.85053515625
5.787999999999999	174.09900000000002	387.4974365234375	213.39843652343748
5.792999999999999	174.05	403.4864807128906	229.4364807128906
5.7989999999999995	174.00099999999998	372.1419372558594	198.1409372558594
5.805	173.952	343.2323913574219	169.28039135742188
5.811	175.642	355.3365173339844	179.69451733398438
5.817	176.389	345.220703125	168.831703125
5.822	179.38400000000001	372.1419372558594	192.75793725585936
5.827999999999999	0.0	372.1419372558594	372.1419372558594
5.834	0.0	365.74871826171875	365.74871826171875
5.84	0.0	349.2320251464844	349.2320251464844
5.846	0.0	347.2205810546875	347.2205810546875
5.851	0.0	335.3929138183594	335.3929138183594
5.857	0.0	343.2323913574219	343.2323913574219
5.8629999999999995	0.0	333.4611511230469	333.4611511230469
5.869	0.0	343.2323913574219	343.2323913574219
5.875	0.0	374.2977600097656	374.2977600097656
5.88	0.0	353.2899475097656	353.2899475097656
5.886	0.0	341.2555236816406	341.2555236816406
5.892	0.0	339.2900085449219	339.2900085449219
5.898	0.0	351.2550964355469	351.2550964355469
5.904	0.0	355.3365173339844	355.3365173339844
5.909	0.0	363.64215087890625	363.64215087890625
5.915	0.0	367.8675231933594	367.8675231933594
5.921	0.0	355.3365173339844	355.3365173339844
5.9270000000000005	0.0	367.8675231933594	367.8675231933594
5.933	0.0	383.0466003417969	383.0466003417969
5.939	0.0	408.1748046875	408.1748046875
5.944	0.0	378.64691162109375	378.64691162109375
5.95	0.0	351.2550964355469	351.2550964355469
5.956	0.0	345.220703125	345.220703125
5.962000000000001	0.0	345.220703125	345.220703125
5.968	0.0	349.2320251464844	349.2320251464844
5.973	0.0	345.220703125	345.220703125
5.979	0.0	363.64215087890625	363.64215087890625
5.985	0.0	391.99993896484375	391.99993896484375
5.9910000000000005	0.0	425.01708984375	425.01708984375
5.997000000000001	0.0	401.1625671386719	401.1625671386719
6.002000000000001	0.0	385.2655944824219	385.2655944824219
6.007999999999999	0.0	405.8238830566406	405.8238830566406
6.013999999999999	0.0	415.30963134765625	415.30963134765625
6.02	0.0	396.5548095703125	396.5548095703125
6.026	0.0	376.4660339355469	376.4660339355469
6.031000000000001	0.0	383.0466003417969	383.0466003417969
6.037000000000001	0.0	389.7421875	389.7421875
6.042999999999999	0.0	365.74871826171875	365.74871826171875
6.0489999999999995	0.0	385.2655944824219	385.2655944824219
6.055	0.0	369.99853515625	369.99853515625
6.06	0.0	385.2655944824219	385.2655944824219
6.066	0.0	398.8520202636719	398.8520202636719
6.072	0.0	378.64691162109375	378.64691162109375
6.077999999999999	0.0	391.99993896484375	391.99993896484375
6.084	0.0	396.5548095703125	396.5548095703125
6.0889999999999995	0.0	391.99993896484375	391.99993896484375
6.095	0.0	378.64691162109375	378.64691162109375
6.101	0.0	391.99993896484375	391.99993896484375
6.107	0.0	391.99993896484375	391.99993896484375
6.1129999999999995	0.0	318.4024963378906	318.4024963378906
6.117999999999999	0.0	337.3358154296875	337.3358154296875
6.124	0.0	337.3358154296875	337.3358154296875
6.13	0.0	351.2550964355469	351.2550964355469
6.136	0.0	0.0	0.0
6.142	0.0	0.0	0.0
6.147	0.0	0.0	0.0
6.153	0.0	0.0	0.0
6.159	0.0	0.0	0.0
6.165	0.0	0.0	0.0
6.171	0.0	0.0	0.0
6.1770000000000005	0.0	0.0	0.0
6.182	0.0	0.0	0.0
6.188	0.0	0.0	0.0
6.194	0.0	0.0	0.0
6.2	0.0	0.0	0.0
6.206	0.0	0.0	0.0
6.211	0.0	0.0	0.0
6.2170000000000005	0.0	0.0	0.0
6.223	0.0	0.0	0.0
6.229	0.0	0.0	0.0
6.235	0.0	0.0	0.0
6.24	0.0	0.0	0.0
6.246	0.0	0.0	0.0
6.252000000000001	0.0	0.0	0.0
6.257999999999999	0.0	0.0	0.0
6.263999999999999	0.0	0.0	0.0
6.269	0.0	0.0	0.0
6.275	0.0	0.0	0.0
6.281000000000001	0.0	0.0	0.0
6.287000000000001	0.0	0.0	0.0
6.292999999999999	0.0	0.0	0.0
6.297999999999999	0.0	0.0	0.0
6.303999999999999	0.0	0.0	0.0
6.31	0.0	0.0	0.0
6.316	0.0	0.0	0.0
6.322	0.0	0.0	0.0
6.327000000000001	0.0	0.0	0.0
6.332999999999999	171.52200000000002	339.2900085449219	167.76800854492186
6.3389999999999995	171.52200000000002	345.220703125	173.69870312499998
6.345	173.237	359.4653625488281	186.22836254882813
6.351	173.237	363.64215087890625	190.40515087890626
6.356	173.637	347.2205810546875	173.5835810546875
6.362	174.037	349.2320251464844	175.19502514648437
6.367999999999999	174.437	351.2550964355469	176.81809643554686
6.374	173.162	345.220703125	172.058703125
6.38	173.545	359.4653625488281	185.92036254882814
6.385	173.92700000000002	343.2323913574219	169.30539135742185
6.391	173.58700000000002	345.220703125	171.63370312499998
6.397	173.485	355.3365173339844	181.85151733398436
6.403	173.40099999999998	359.4653625488281	186.06436254882814
6.409	173.37099999999998	374.2977600097656	200.92676000976564
6.415	173.40200000000002	387.4974365234375	214.09543652343748
6.42	173.472	372.1419372558594	198.66993725585937
6.426	173.546	363.64215087890625	190.09615087890626
6.432	173.613	347.2205810546875	173.6075810546875
6.438	173.68	345.220703125	171.540703125
6.444	173.766	355.3365173339844	181.57051733398438
6.449	173.851	369.99853515625	196.14753515625
6.455	173.942	347.2205810546875	173.2785810546875
6.461	173.919	369.99853515625	196.07953515625
6.4670000000000005	173.918	351.2550964355469	177.33709643554687
6.473	173.93599999999998	374.2977600097656	200.36176000976565
6.478	173.99200000000002	380.84039306640625	206.84839306640623
6.484	174.08900000000003	380.84039306640625	206.75139306640622
6.49	174.21200000000002	367.8675231933594	193.65552319335936
6.496	174.322	351.2550964355469	176.93309643554687
6.502000000000001	174.352	349.2320251464844	174.88002514648437
6.507000000000001	174.389	357.39495849609375	183.00595849609374
6.513	174.426	376.4660339355469	202.0400339355469
6.519	174.495	394.27081298828125	219.77581298828125
6.525	174.52599999999998	410.5393371582031	236.01333715820314
6.531000000000001	174.53400000000002	415.30963134765625	240.77563134765623
6.5360000000000005	174.6	410.5393371582031	235.93933715820313
6.542000000000001	174.638	410.5393371582031	235.90133715820312
6.547999999999999	174.688	412.9176025390625	238.2296025390625
6.553999999999999	174.722	380.84039306640625	206.11839306640624
6.56	174.737	351.2550964355469	176.51809643554688
6.565	174.73	361.5477294921875	186.8177294921875
6.571000000000001	174.687	355.3365173339844	180.64951733398436
6.577000000000001	174.62900000000002	331.5405578613281	156.9115578613281
6.582999999999999	174.611	347.2205810546875	172.6095810546875
6.5889999999999995	174.668	345.220703125	170.552703125
6.593999999999999	174.761	335.3929138183594	160.63191381835938
6.6	174.797	349.2320251464844	174.43502514648438
6.606	174.803	357.39495849609375	182.59195849609375
6.612	174.78599999999997	343.2323913574219	168.4463913574219
6.617999999999999	174.79	410.5393371582031	235.74933715820313
6.622999999999999	174.812	378.64691162109375	203.83491162109374
6.629	174.843	367.8675231933594	193.02452319335939
6.635	174.868	372.1419372558594	197.27393725585938
6.641	174.891	403.4864807128906	228.59548071289063
6.647	174.908	401.1625671386719	226.2545671386719
6.653	174.90900000000002	408.1748046875	233.26580468749998
6.6579999999999995	174.895	405.8238830566406	230.92888305664061
6.664	174.875	403.4864807128906	228.61148071289062
6.67	174.86599999999999	405.8238830566406	230.95788305664064
6.676	174.885	181.82034301757812	6.935343017578134
6.682	174.926	170.62705993652344	4.29894006347655
6.687	174.956	173.6095733642578	1.3464266357421764
6.693	174.926	160.1228485107422	14.8031514892578
6.699	174.90599999999998	152.8919219970703	22.014078002929665
6.705	174.878	157.3720245361328	17.505975463867173
6.711	174.87400000000002	156.4656219482422	18.408378051757836
6.716	174.878	159.2006072998047	15.677392700195298
6.722	174.86900000000003	172.60964965820312	2.259350341796903
6.728	174.845	173.6095733642578	1.2354266357421864
6.734	174.821	174.6153106689453	0.20568933105468545
6.74	174.813	164.81484985351562	9.998150146484363
6.745	174.84799999999998	176.6442413330078	1.7962413330078277
6.751	174.92700000000002	173.6095733642578	1.3174266357422084
6.757000000000001	175.003	170.62705993652344	4.375940063476548
6.763	175.02700000000002	172.60964965820312	2.4173503417968902
6.769	175.01	176.6442413330078	1.6342413330078216
6.774	174.986	180.77313232421875	5.78713232421876
6.78	174.97799999999998	176.6442413330078	1.6662413330078323
6.7860000000000005	174.983	186.07022094726562	11.087220947265621
6.792000000000001	174.99	182.87362670898438	7.883626708984366
6.797999999999999	174.985	177.66754150390625	2.6825415039062364
6.803	174.967	173.6095733642578	1.3574266357422005
6.809	174.93599999999998	175.62684631347656	0.6908463134765839
6.815	174.90599999999998	172.60964965820312	2.2963503417968525
6.821000000000001	174.882	177.66754150390625	2.785541503906245
6.827000000000001	174.854	179.73194885253906	4.877948852539049
6.832000000000001	174.81799999999998	171.61549377441406	3.202506225585921
6.837999999999999	174.78400000000002	174.6153106689453	0.16868933105470774
6.843999999999999	174.771	178.69676208496094	3.925762084960951
6.85	174.778	171.61549377441406	3.162506225585929
6.856	174.778	170.62705993652344	4.150940063476554
6.861000000000001	174.748	180.77313232421875	6.0251323242187595
6.867000000000001	174.717	182.87362670898438	8.156626708984362
6.872999999999999	174.72	171.61549377441406	3.1045062255859364
6.879	174.761	172.60964965820312	2.1513503417968707
6.885	174.8	163.86557006835938	10.934429931640636
6.891	174.722	166.72988891601562	7.992111083984383
6.896	174.736	162.92176818847656	11.814231811523427
6.902	174.696	153.77761840820312	20.918381591796873
6.9079999999999995	174.69099999999997	151.13580322265625	23.555196777343724
6.914	174.708	151.13580322265625	23.57219677734375
6.92	174.71900000000002	150.26531982421875	24.453680175781273
6.925	174.722	150.26531982421875	24.45668017578126
6.931	174.74200000000002	153.77761840820312	20.964381591796894
6.937	174.71	152.8919219970703	21.818078002929695
6.943	174.68	161.9833984375	12.696601562500007
6.949	174.648	150.26531982421875	24.382680175781246
6.954	174.636	151.13580322265625	23.500196777343746
6.96	174.623	155.564453125	19.05854687499999
6.966	174.592	151.13580322265625	23.456196777343763
6.972	174.55	148.5393524169922	26.010647583007824
6.978	174.514	155.564453125	18.94954687500001
6.983	174.489	155.564453125	18.924546875000004
6.989	174.46900000000002	155.564453125	18.904546875000023
6.995	174.46	162.92176818847656	11.538231811523445
7.001	174.458	168.66722106933594	5.790778930664061
7.007000000000001	174.467	173.6095733642578	0.8574266357422005
7.0120000000000005	174.486	169.64431762695312	4.841682373046865
7.018	174.521	174.6153106689453	0.09431066894532592
7.024	174.571	178.69676208496094	4.1257620849609395
7.03	174.625	175.62684631347656	1.0018463134765625
7.0360000000000005	174.669	175.62684631347656	0.9578463134765514
7.041	174.69400000000002	165.7696075439453	8.924392456054704
7.047000000000001	174.707	176.6442413330078	1.9372413330078189
7.053	174.709	181.82034301757812	7.111343017578122
7.059	174.69400000000002	177.66754150390625	2.973541503906233
7.065	174.665	168.66722106933594	5.9977789306640545
7.07	174.645	176.6442413330078	1.9992413330078023
7.0760000000000005	174.65099999999998	176.6442413330078	1.9932413330078305
7.082000000000001	174.669	175.62684631347656	0.9578463134765514
7.087999999999999	174.68200000000002	171.61549377441406	3.066506225585954
7.093999999999999	174.668	178.69676208496094	4.028762084960931
7.1	174.63299999999998	179.73194885253906	5.098948852539081
7.105	174.597	169.64431762695312	4.952682373046883
7.111000000000001	174.58	175.62684631347656	1.04684631347655
7.117000000000001	174.584	173.6095733642578	0.9744266357421907
7.122999999999999	174.605	178.69676208496094	4.091762084960948
7.129	174.65400000000002	171.61549377441406	3.0385062255859623
7.1339999999999995	174.71	353.2899475097656	178.57994750976562
7.14	174.767	349.2320251464844	174.46502514648438
7.146	174.764	361.5477294921875	186.7837294921875
7.152	174.774	372.1419372558594	197.36793725585937
7.1579999999999995	174.801	351.2550964355469	176.4540964355469
7.162999999999999	174.822	343.2323913574219	168.41039135742187
7.169	174.817	351.2550964355469	176.43809643554687
7.175	174.801	347.2205810546875	172.4195810546875
7.181	174.799	357.39495849609375	182.59595849609374
7.187	174.767	357.39495849609375	182.62795849609375
7.192	174.77700000000002	349.2320251464844	174.45502514648436
7.1979999999999995	174.74	339.2900085449219	164.55000854492187
7.204	174.702	337.3358154296875	162.6338154296875
7.21	174.669	322.1021728515625	147.4331728515625
7.216	174.645	339.2900085449219	164.64500854492186
7.221	174.637	343.2323913574219	168.59539135742187
7.227	174.64700000000002	339.2900085449219	164.64300854492186
7.233	174.65599999999998	343.2323913574219	168.5763913574219
7.239	174.66	337.3358154296875	162.6758154296875
7.245	174.669	345.220703125	170.551703125
7.25	174.687	349.2320251464844	174.54502514648436
7.256	174.71	355.3365173339844	180.62651733398437
7.2620000000000005	174.726	361.5477294921875	186.8217294921875
7.268	174.74200000000002	355.3365173339844	180.59451733398436
7.274	174.766	351.2550964355469	176.48909643554688
7.279	174.80900000000003	355.3365173339844	180.52751733398435
7.285	174.856	361.5477294921875	186.6917294921875
7.291	174.896	376.4660339355469	201.5700339355469
7.297000000000001	174.926	207.65396118164062	32.72796118164064
7.303	174.945	202.91110229492188	27.966102294921882
7.308	174.958	345.220703125	170.262703125
7.314	174.967	341.2555236816406	166.2885236816406
7.32	174.97	323.9681091308594	148.99810913085938
7.3260000000000005	174.972	311.1301574707031	136.15815747070312
7.332000000000001	174.96200000000002	320.24700927734375	145.28500927734373
7.337999999999999	174.93900000000002	311.1301574707031	136.1911574707031
7.343	174.90900000000002	312.9324951171875	138.02349511718748
7.349	174.886	309.3381652832031	134.45216528320313
7.355	174.87400000000002	304.0238952636719	129.14989526367185
7.361000000000001	174.88099999999997	302.2728271484375	127.39182714843753
7.367000000000001	174.899	307.5564880371094	132.65748803710937
7.372000000000001	174.91099999999997	305.7850646972656	130.87406469726565
7.377999999999999	174.91400000000002	312.9324951171875	138.01849511718748
7.3839999999999995	174.91299999999998	305.7850646972656	130.87206469726564
7.39	174.93099999999998	314.74530029296875	139.81430029296877
7.396	174.968	302.2728271484375	127.30482714843751
7.401	175.00400000000002	316.5686340332031	141.5646340332031
7.407	175.03	297.0799255371094	122.04992553710937
7.412999999999999	175.03900000000002	311.1301574707031	136.0911574707031
7.419	175.03799999999998	307.5564880371094	132.5184880371094
7.425	175.03799999999998	298.8009033203125	123.76290332031252
7.43	175.03799999999998	298.8009033203125	123.76290332031252
7.436	175.03400000000002	316.5686340332031	141.5346340332031
7.442	175.03	304.0238952636719	128.99389526367187
7.4479999999999995	175.03099999999998	307.5564880371094	132.5254880371094
7.454	175.085	302.2728271484375	127.18782714843749
7.459	175.025	298.8009033203125	123.7759033203125
7.465	175.018	302.2728271484375	127.2548271484375
7.471	175.014	312.9324951171875	137.9184951171875
7.477	175.00900000000001	298.8009033203125	123.79190332031249
7.483	174.99599999999998	305.7850646972656	130.78906469726564
7.4879999999999995	174.977	302.2728271484375	127.2958271484375
7.494	174.975	323.9681091308594	148.99310913085938
7.5	174.986	351.2550964355469	176.26909643554689
7.506	174.99200000000002	353.2899475097656	178.2979475097656
7.5120000000000005	174.97	353.2899475097656	178.31994750976563
7.517	174.935	351.2550964355469	176.32009643554687
7.523	174.90599999999998	349.2320251464844	174.3260251464844
7.529	174.895	351.2550964355469	176.36009643554686
7.535	174.90099999999998	353.2899475097656	178.38894750976564
7.541	174.918	345.220703125	170.302703125
7.546	174.93400000000003	353.2899475097656	178.3559475097656
7.5520000000000005	174.94099999999997	351.2550964355469	176.3140964355469
7.558	174.947	353.2899475097656	178.34294750976562
7.564	174.963	349.2320251464844	174.26902514648438
7.57	174.988	351.2550964355469	176.26709643554688
7.5760000000000005	175.00099999999998	355.3365173339844	180.3355173339844
7.581	174.99400000000003	353.2899475097656	178.2959475097656
7.587000000000001	174.986	349.2320251464844	174.24602514648439
7.593	174.993	351.2550964355469	176.26209643554688
7.599	175.005	355.3365173339844	180.33151733398438
7.605	175.015	347.2205810546875	172.2055810546875
7.61	175.024	351.2550964355469	176.23109643554687
7.6160000000000005	175.03799999999998	351.2550964355469	176.2170964355469
7.622000000000001	175.048	347.2205810546875	172.1725810546875
7.627999999999999	175.044	355.3365173339844	180.29251733398436
7.6339999999999995	175.032	349.2320251464844	174.20002514648436
7.638999999999999	175.02599999999998	345.220703125	170.19470312500002
7.645	175.02599999999998	353.2899475097656	178.26394750976564
7.651	175.03400000000002	349.2320251464844	174.19802514648435
7.657	175.05900000000003	347.2205810546875	172.16158105468747
7.662999999999999	175.088	365.74871826171875	190.66071826171876
7.667999999999999	175.09900000000002	0.0	175.09900000000002
7.6739999999999995	175.08599999999998	0.0	175.08599999999998
7.68	175.071	0.0	175.071
7.686	175.072	0.0	175.072
7.692	175.078	0.0	175.078
7.697	175.06599999999997	0.0	175.06599999999997
7.702999999999999	175.03099999999998	365.74871826171875	190.71771826171877
7.709	174.997	343.2323913574219	168.23539135742186
7.715	174.979	359.4653625488281	184.4863625488281
7.721	174.97799999999998	376.4660339355469	201.4880339355469
7.726	174.986	363.64215087890625	188.65615087890626
7.732	174.99200000000002	351.2550964355469	176.26309643554686
7.7379999999999995	175.005	333.4611511230469	158.45615112304688
7.744	175.025	316.5686340332031	141.54363403320312
7.75	175.042	323.9681091308594	148.92610913085937
7.755	175.044	349.2320251464844	174.18802514648436
7.761	175.028	355.3365173339844	180.30851733398438
7.767	175.01	351.2550964355469	176.24509643554688
7.773	175.017	372.1419372558594	197.12493725585938
7.779	175.051	349.2320251464844	174.1810251464844
7.784	175.08900000000003	355.3365173339844	180.24751733398435
7.79	175.104	353.2899475097656	178.1859475097656
7.796	175.1	357.39495849609375	182.29495849609376
7.8020000000000005	175.084	347.2205810546875	172.1365810546875
7.808	175.07299999999998	363.64215087890625	188.56915087890627
7.814	175.072	380.84039306640625	205.76839306640625
7.819	175.07299999999998	353.2899475097656	178.21694750976565
7.825	175.06900000000002	380.84039306640625	205.77139306640623
7.831	175.076	355.3365173339844	180.26051733398438
7.837000000000001	175.09400000000002	369.99853515625	194.90453515624998
7.843	175.107	387.4974365234375	212.3904365234375
7.848	175.097	408.1748046875	233.0778046875
7.854	175.07299999999998	408.1748046875	233.10180468750002
7.86	175.058	380.84039306640625	205.78239306640626
7.8660000000000005	175.063	357.39495849609375	182.33195849609376
7.872000000000001	175.077	359.4653625488281	184.38836254882813
7.877000000000001	175.084	347.2205810546875	172.1365810546875
7.882999999999999	175.088	357.39495849609375	182.30695849609376
7.888999999999999	175.095	376.4660339355469	201.37103393554688
7.895	175.112	394.27081298828125	219.15881298828126
7.901	175.13400000000001	408.1748046875	233.04080468749999
7.906000000000001	175.15	398.8520202636719	223.70202026367187
7.912000000000001	175.15599999999998	408.1748046875	233.01880468750002
7.917999999999999	175.16099999999997	412.9176025390625	237.75660253906253
7.9239999999999995	175.171	408.1748046875	233.0038046875
7.93	175.18400000000003	412.9176025390625	237.73360253906247
7.935	175.187	417.7154846191406	242.5284846191406
7.941	175.17700000000002	429.95556640625	254.77856640624998
7.947	175.15599999999998	405.8238830566406	230.66788305664065
7.952999999999999	175.136	408.1748046875	233.0388046875
7.959	175.12400000000002	378.64691162109375	203.52291162109373
7.9639999999999995	175.11900000000003	372.1419372558594	197.02293725585935
7.97	175.114	357.39495849609375	182.28095849609375
7.976	175.107	345.220703125	170.113703125
7.982	175.1	331.5405578613281	156.44055786132813
7.9879999999999995	175.09099999999998	355.3365173339844	180.2455173339844
7.992999999999999	175.074	347.2205810546875	172.1465810546875
7.999	175.055	351.2550964355469	176.20009643554687
8.005	175.03900000000002	367.8675231933594	192.82852319335936
8.011000000000001	175.03	363.64215087890625	188.61215087890625
8.017000000000001	175.03099999999998	365.74871826171875	190.71771826171877
8.022	175.035	376.4660339355469	201.43103393554688
8.027999999999999	175.037	380.84039306640625	205.80339306640624
8.033999999999999	175.02900000000002	372.1419372558594	197.11293725585935
8.04	175.02200000000002	389.7421875	214.72018749999998
8.046	175.02	380.84039306640625	205.82039306640624
8.052	175.02	396.5548095703125	221.5348095703125
8.057	175.021	372.1419372558594	197.1209372558594
8.062999999999999	175.028	405.8238830566406	230.79588305664063
8.068999999999999	175.037	398.8520202636719	223.81502026367187
8.075	175.02900000000002	389.7421875	214.71318749999998
8.081	175.00900000000001	372.1419372558594	197.13293725585936
8.086	174.995	367.8675231933594	192.87252319335937
8.092	174.995	357.39495849609375	182.39995849609375
8.097999999999999	174.99099999999999	347.2205810546875	172.22958105468751
8.104	174.98	347.2205810546875	172.2405810546875
8.11	174.975	337.3358154296875	162.3608154296875
8.115	174.99400000000003	229.07958984375	54.08558984374997
8.121	175.025	238.53195190429688	63.50695190429687
8.127	175.06	254.17987060546875	79.11987060546875
8.133	175.083	239.9137725830078	64.83077258300781
8.139	175.104	237.15809631347656	62.05409631347655
8.144	175.12599999999998	231.7413787841797	56.61537878417971
8.15	175.15099999999998	359.4653625488281	184.31436254882814
8.156	175.166	347.2205810546875	172.0545810546875
8.162	175.172	337.3358154296875	162.1638154296875
8.168	175.17	359.4653625488281	184.29536254882814
8.173	175.171	383.0466003417969	207.87560034179688
8.179	175.168	389.7421875	214.5741875
8.185	175.165	408.1748046875	233.0098046875
8.191	175.165	408.1748046875	233.0098046875
8.197000000000001	175.17	403.4864807128906	228.31648071289064
8.202	175.18	403.4864807128906	228.30648071289062
8.208	175.18900000000002	412.9176025390625	237.72860253906248
8.214	175.18200000000002	405.8238830566406	230.6418830566406
8.22	175.16400000000002	408.1748046875	233.01080468749998
8.226	175.145	425.01708984375	249.87208984375
8.231	175.132	434.9514465332031	259.8194465332031
8.237	175.135	422.56915283203125	247.43415283203126
8.243	175.14700000000002	412.9176025390625	237.77060253906248
8.249	175.16	396.5548095703125	221.3948095703125
8.255	175.169	412.9176025390625	237.7486025390625
8.26	175.178	408.1748046875	232.9968046875
8.266	175.185	408.1748046875	232.9898046875
8.272	175.192	422.56915283203125	247.37715283203124
8.277999999999999	175.203	434.9514465332031	259.74844653320315
8.283999999999999	175.22099999999998	432.4462890625	257.2252890625
8.29	175.231	417.7154846191406	242.48448461914063
8.295	175.23	427.47918701171875	252.24918701171876
8.301	175.227	420.13531494140625	244.90831494140625
8.307	175.232	401.1625671386719	225.93056713867188
8.312999999999999	175.245	405.8238830566406	230.57888305664062
8.318999999999999	175.257	410.5393371582031	235.28233715820312
8.324	175.257	394.27081298828125	219.01381298828124
8.33	175.263	374.2977600097656	199.03476000976562
8.336	175.28599999999997	367.8675231933594	192.5815231933594
8.342	175.324	378.64691162109375	203.32291162109374
8.347999999999999	175.359	347.2205810546875	171.8615810546875
8.353	175.375	343.2323913574219	167.85739135742188
8.359	175.378	351.2550964355469	175.8770964355469
8.365	175.385	378.64691162109375	203.26191162109376
8.371	175.40099999999998	355.3365173339844	179.9355173339844
8.377	175.422	339.2900085449219	163.86800854492188
8.382	175.43599999999998	357.39495849609375	181.95895849609377
8.388	175.453	355.3365173339844	179.88351733398437
8.394	175.41400000000002	359.4653625488281	184.0513625488281
8.4	175.398	359.4653625488281	184.06736254882813
8.406	175.394	376.4660339355469	201.07203393554687
8.411	175.40099999999998	367.8675231933594	192.4665231933594
8.417	175.40900000000002	378.64691162109375	203.23791162109373
8.423	175.421	376.4660339355469	201.04503393554688
8.429	175.437	361.5477294921875	186.1107294921875
8.435	175.454	349.2320251464844	173.77802514648437
8.44	175.47299999999998	361.5477294921875	186.07472949218752
8.446	175.497	255.65234375	80.15534374999999
8.452	175.521	263.1435852050781	87.62258520507814
8.458	175.533	245.5215301513672	69.9885301513672
8.464	175.53799999999998	246.94381713867188	71.40581713867189
8.469	175.543	241.30357360839844	65.76057360839843
8.475	175.549	245.5215301513672	69.97253015136718
8.481	175.55200000000002	244.107421875	68.55542187499998
8.487	175.553	246.94381713867188	71.39081713867188
8.493	175.558	251.26034545898438	75.70234545898438
8.499	175.56900000000002	263.1435852050781	87.57458520507811
8.504	175.578	257.1333312988281	81.55533129882812
8.51	175.583	270.8542785644531	95.27127856445313
8.516	175.58	277.1852722167969	101.60527221679686
8.522	175.576	197.1345977783203	21.55859777832032
8.527999999999999	175.574	204.08657836914062	28.512578369140613
8.533	175.575	363.64215087890625	188.06715087890626
8.539	175.56900000000002	353.2899475097656	177.7209475097656
8.545	175.55900000000003	349.2320251464844	173.67302514648435
8.551	175.548	353.2899475097656	177.74194750976562
8.557	175.549	345.220703125	169.671703125
8.562000000000001	175.555	353.2899475097656	177.73494750976562
8.568	175.562	351.2550964355469	175.69309643554686
8.574	175.572	343.2323913574219	167.66039135742187
8.58	175.578	355.3365173339844	179.75851733398437
8.586	175.574	343.2323913574219	167.65839135742186
8.591000000000001	175.565	341.2555236816406	165.69052368164063
8.597000000000001	175.551	361.5477294921875	185.9967294921875
8.603	175.53	347.2205810546875	171.6905810546875
8.609	175.503	359.4653625488281	183.96236254882814
8.615	175.475	345.220703125	169.745703125
8.62	175.46400000000003	353.2899475097656	177.8259475097656
8.626	175.47	345.220703125	169.750703125
8.632	177.225	365.74871826171875	188.52371826171876
8.638	178.105	363.64215087890625	185.53715087890626
8.644	177.628	343.2323913574219	165.6043913574219
8.649	177.15099999999998	345.220703125	168.06970312500002
8.655	174.907	355.3365173339844	180.42951733398436
8.661	177.018	349.2320251464844	172.21402514648437
8.667	174.66	337.3358154296875	162.6758154296875
8.673	175.245	357.39495849609375	182.14995849609375
8.677999999999999	175.24099999999999	337.3358154296875	162.09481542968751
8.684	176.81900000000002	351.2550964355469	174.43609643554686
8.69	177.632	353.2899475097656	175.65794750976562
8.696	175.69299999999998	367.8675231933594	192.1745231933594
8.702	175.601	349.2320251464844	173.63102514648438
8.707	175.50799999999998	380.84039306640625	205.33239306640627
8.713	175.485	389.7421875	214.2571875
8.719	175.232	401.1625671386719	225.93056713867188
8.725	174.979	401.1625671386719	226.18356713867186
8.731	175.517	383.0466003417969	207.52960034179688
8.737	176.055	357.39495849609375	181.33995849609374
8.742	180.125	345.220703125	165.095703125
8.748	179.967	349.2320251464844	169.26502514648436
8.754	0.0	378.64691162109375	378.64691162109375
8.76	0.0	363.64215087890625	363.64215087890625
8.766	0.0	357.39495849609375	357.39495849609375
8.771	0.0	351.2550964355469	351.2550964355469
8.777000000000001	0.0	357.39495849609375	357.39495849609375
8.783	0.0	349.2320251464844	349.2320251464844
8.789	0.0	353.2899475097656	353.2899475097656
8.795	0.0	372.1419372558594	372.1419372558594
8.8	0.0	361.5477294921875	361.5477294921875
8.806000000000001	0.0	210.06680297851562	210.06680297851562
8.812000000000001	0.0	198.27658081054688	198.27658081054688
8.818	0.0	200.58045959472656	200.58045959472656
8.824	0.0	205.2688446044922	205.2688446044922
8.829	0.0	216.22227478027344	216.22227478027344
8.835	0.0	233.0838623046875	233.0838623046875
8.841000000000001	0.0	167.69577026367188	167.69577026367188
8.847000000000001	0.0	170.62705993652344	170.62705993652344
8.853	0.0	170.62705993652344	170.62705993652344
8.857999999999999	0.0	169.64431762695312	169.64431762695312
8.863999999999999	0.0	172.60964965820312	172.60964965820312
8.87	0.0	180.77313232421875	180.77313232421875
8.876	0.0	197.1345977783203	197.1345977783203
8.882	0.0	208.8568878173828	208.8568878173828
8.887	0.0	206.4579620361328	206.4579620361328
8.892999999999999	0.0	206.4579620361328	206.4579620361328
8.899	0.0	206.4579620361328	206.4579620361328
8.905	0.0	206.4579620361328	206.4579620361328
8.911	0.0	204.08657836914062	204.08657836914062
8.916	0.0	216.22227478027344	216.22227478027344
8.922	0.0	229.07958984375	229.07958984375
8.927999999999999	0.0	230.40664672851562	230.40664672851562
8.934	0.0	214.97691345214844	214.97691345214844
8.94	0.0	225.14410400390625	225.14410400390625
8.945	0.0	229.07958984375	229.07958984375
8.951	0.0	223.8473663330078	223.8473663330078
8.957	0.0	214.97691345214844	214.97691345214844
8.963	0.0	229.07958984375	229.07958984375
8.969	0.0	249.8131866455078	249.8131866455078
8.975	0.0	264.6679382324219	264.6679382324219
8.98	0.0	274.0014953613281	274.0014953613281
8.986	0.0	264.6679382324219	264.6679382324219
8.992	0.0	266.201171875	266.201171875
8.998	0.0	277.1852722167969	277.1852722167969
9.004	0.0	401.1625671386719	401.1625671386719
9.009	0.0	182.87362670898438	182.87362670898438
9.015	0.0	195.99917602539062	195.99917602539062
9.021	0.0	197.1345977783203	197.1345977783203
9.027000000000001	0.0	201.742431640625	201.742431640625
9.033	0.0	199.42520141601562	199.42520141601562
9.038	0.0	202.91110229492188	202.91110229492188
9.044	0.0	213.7387237548828	213.7387237548828
9.05	0.0	213.7387237548828	213.7387237548828
9.056000000000001	0.0	222.55809020996094	222.55809020996094
9.062000000000001	0.0	212.50767517089844	212.50767517089844
9.067	0.0	214.97691345214844	214.97691345214844
9.073	0.0	214.97691345214844	214.97691345214844
9.079	0.0	216.22227478027344	216.22227478027344
9.085	0.0	200.58045959472656	200.58045959472656
9.091000000000001	0.0	204.08657836914062	204.08657836914062
9.096	0.0	207.65396118164062	207.65396118164062
9.102	0.0	201.742431640625	201.742431640625
9.107999999999999	0.0	194.87030029296875	194.87030029296875
9.113999999999999	0.0	195.99917602539062	195.99917602539062
9.12	0.0	0.0	0.0
9.125	0.0	0.0	0.0
9.131	0.0	176.6442413330078	176.6442413330078
9.137	0.0	181.82034301757812	181.82034301757812
9.142999999999999	0.0	171.61549377441406	171.61549377441406
9.149	0.0	167.69577026367188	167.69577026367188
9.154	0.0	175.62684631347656	175.62684631347656
9.16	0.0	172.60964965820312	172.60964965820312
9.166	0.0	163.86557006835938	163.86557006835938
9.172	0.0	165.7696075439453	165.7696075439453
9.177999999999999	0.0	175.62684631347656	175.62684631347656
9.183	0.0	182.87362670898438	182.87362670898438
9.189	0.0	176.6442413330078	176.6442413330078
9.195	0.0	166.72988891601562	166.72988891601562
9.201	0.0	171.61549377441406	171.61549377441406
9.207	0.0	158.28366088867188	158.28366088867188
9.213	0.0	169.64431762695312	169.64431762695312
9.218	0.0	167.69577026367188	167.69577026367188
9.224	0.0	171.61549377441406	171.61549377441406
9.23	0.0	161.9833984375	161.9833984375
9.236	0.0	153.77761840820312	153.77761840820312
9.242	0.0	159.2006072998047	159.2006072998047
9.247	0.0	153.77761840820312	153.77761840820312
9.253	0.0	160.1228485107422	160.1228485107422
9.259	0.0	0.0	0.0
9.265	0.0	0.0	0.0
9.271	0.0	0.0	0.0
9.276	0.0	0.0	0.0
9.282	0.0	0.0	0.0
9.288	0.0	0.0	0.0
9.294	0.0	0.0	0.0
9.3	355.917	0.0	355.917
9.305	352.358	0.0	352.358
9.311	351.624	351.2550964355469	0.36890356445314865
9.317	350.89	341.2555236816406	9.634476318359361
9.323	352.05300000000005	351.2550964355469	0.7979035644531791
9.329	351.57599999999996	355.3365173339844	3.76051733398441
9.334	352.61300000000006	351.2550964355469	1.3579035644531814
9.34	352.777	351.2550964355469	1.5219035644531118
9.346	353.04699999999997	353.2899475097656	0.24294750976565638
9.352	352.59	353.2899475097656	0.69994750976565
9.357999999999999	353.244	357.39495849609375	4.150958496093722
9.363	353.275	333.4611511230469	19.813848876953102
9.369	353.29400000000004	353.2899475097656	0.004052490234414563
9.375	353.315	351.2550964355469	2.0599035644531227
9.381	353.346	349.2320251464844	4.113974853515629
9.387	353.403	349.2320251464844	4.170974853515645
9.392000000000001	353.455	349.2320251464844	4.222974853515609
9.398	353.39300000000003	355.3365173339844	1.943517333984346
9.404	353.32199999999995	357.39495849609375	4.072958496093804
9.41	353.147	351.2550964355469	1.8919035644531164
9.416	352.97900000000004	351.2550964355469	1.7239035644531668
9.421	352.847	339.2900085449219	13.556991455078105
9.427	352.75800000000004	361.5477294921875	8.789729492187462
9.433	352.726	355.3365173339844	2.610517333984376
9.439	352.778	357.39495849609375	4.61695849609373
9.445	352.911	355.3365173339844	2.4255173339843736
9.451	353.1	351.2550964355469	1.8449035644531477
9.456	353.288	351.2550964355469	2.032903564453136
9.462	353.423	351.2550964355469	2.167903564453127
9.468	353.528	353.2899475097656	0.238052490234395
9.474	353.596	353.2899475097656	0.30605249023437864
9.48	353.624	361.5477294921875	7.923729492187476
9.485	353.616	353.2899475097656	0.32605249023436045
9.491	353.602	351.2550964355469	2.3469035644531004
9.497	353.615	351.2550964355469	2.359903564453134
9.503	353.666	351.2550964355469	2.410903564453122
9.509	353.717	357.39495849609375	3.6779584960937655
9.514	353.764	359.4653625488281	5.701362548828115
9.52	353.82	349.2320251464844	4.587974853515618
9.526	353.88699999999994	353.2899475097656	0.5970524902343186
9.532	353.949	355.3365173339844	1.3875173339843627
9.538	353.99800000000005	351.2550964355469	2.7429035644531723
9.543	354.055	355.3365173339844	1.2815173339843682
9.549	354.13800000000003	349.2320251464844	4.905974853515659
9.555	354.279	355.3365173339844	1.0575173339843786
9.561	354.529	359.4653625488281	4.936362548828129
9.567	354.897	357.39495849609375	2.4979584960937586
9.572000000000001	355.293	351.2550964355469	4.037903564453131
9.578	355.219	359.4653625488281	4.246362548828131
9.584	355.37199999999996	349.2320251464844	6.139974853515582
9.59	355.524	365.74871826171875	10.224718261718749
9.596	355.67699999999996	357.39495849609375	1.717958496093786
9.601	355.829	347.2205810546875	8.608418945312508
9.607000000000001	352.42199999999997	349.2320251464844	3.1899748535155936
9.613	352.588	355.3365173339844	2.7485173339843527
9.619	350.403	347.2205810546875	3.18241894531252
9.625	351.707	349.2320251464844	2.4749748535156186
9.63	351.721	353.2899475097656	1.5689475097656214
9.636000000000001	351.796	347.2205810546875	4.575418945312492
9.642000000000001	351.88699999999994	355.3365173339844	3.4495173339844314
9.648	351.99699999999996	351.2550964355469	0.7419035644530823
9.654	352.075	349.2320251464844	2.8429748535156136
9.66	352.1	355.3365173339844	3.2365173339843523
9.665	352.106	351.2550964355469	0.8509035644531195
9.671	352.135	349.2320251464844	2.902974853515616
9.677	352.19300000000004	353.2899475097656	1.0969475097655845
9.683	352.275	347.2205810546875	5.054418945312477
9.689	352.36400000000003	355.3365173339844	2.9725173339843423
9.693999999999999	352.44800000000004	351.2550964355469	1.192903564453161
9.7	352.526	351.2550964355469	1.2709035644531355
9.706	352.596	353.2899475097656	0.6939475097656214
9.712	352.66	353.2899475097656	0.6299475097656
9.718	352.719	353.2899475097656	0.5709475097656309
9.722999999999999	352.785	355.3365173339844	2.55151733398435
9.729	352.89599999999996	353.2899475097656	0.39394750976566684
9.735	353.06	351.2550964355469	1.8049035644531273
9.741	353.24800000000005	355.3365173339844	2.0885173339843277
9.747	353.43	351.2550964355469	2.174903564453132
9.752	353.585	353.2899475097656	0.29505249023435454
9.758	353.76300000000003	353.2899475097656	0.47305249023440865
9.764	354.06199999999995	353.2899475097656	0.77205249023433
9.77	354.57599999999996	355.3365173339844	0.76051733398441
9.776	355.329	359.4653625488281	4.136362548828117
9.781	355.157	353.2899475097656	1.8670524902343573
9.787	354.986	359.4653625488281	4.479362548828135
9.793	354.814	357.39495849609375	2.5809584960937286
9.799	354.64300000000003	355.3365173339844	0.6935173339843459
9.805	354.471	359.4653625488281	4.994362548828121
9.81	354.3	359.4653625488281	5.165362548828114
9.816	357.67	349.2320251464844	8.437974853515641
9.822000000000001	355.699	343.2323913574219	12.466608642578137
9.828	358.55400000000003	355.3365173339844	3.2174826660156555
9.834	357.43300000000005	337.3358154296875	20.09718457031255
9.839	357.249	0.0	357.249
9.845	356.597	0.0	356.597
9.851	355.944	0.0	355.944
9.857000000000001	355.291	0.0	355.291
9.863	354.639	0.0	354.639
9.868	361.066	0.0	361.066
9.874	0.0	0.0	0.0
9.88	0.0	0.0	0.0
9.886000000000001	0.0	0.0	0.0
9.892000000000001	0.0	0.0	0.0
9.898	0.0	0.0	0.0
9.902999999999999	0.0	0.0	0.0
9.908999999999999	0.0	0.0	0.0
9.915	0.0	372.1419372558594	372.1419372558594
9.921	0.0	385.2655944824219	385.2655944824219
9.927	0.0	403.4864807128906	403.4864807128906
9.932	0.0	415.30963134765625	415.30963134765625
9.937999999999999	0.0	450.2900390625	450.2900390625
9.943999999999999	0.0	437.4710998535156	437.4710998535156
9.95	0.0	415.30963134765625	415.30963134765625
9.956	0.0	429.95556640625	429.95556640625
9.961	0.0	450.2900390625	450.2900390625
9.967	0.0	425.01708984375	425.01708984375
9.972999999999999	0.0	403.4864807128906	403.4864807128906
9.979	0.0	420.13531494140625	420.13531494140625
9.985	0.0	408.1748046875	408.1748046875
9.99	0.0	401.1625671386719	401.1625671386719
9.996	0.0	408.1748046875	408.1748046875
10.002	0.0	420.13531494140625	420.13531494140625
10.008	0.0	412.9176025390625	412.9176025390625
10.014	0.0	403.4864807128906	403.4864807128906
10.019	0.0	412.9176025390625	412.9176025390625
10.025	0.0	415.30963134765625	415.30963134765625
10.031	0.0	403.4864807128906	403.4864807128906
10.037	0.0	405.8238830566406	405.8238830566406
10.043	0.0	391.99993896484375	391.99993896484375
10.048	0.0	403.4864807128906	403.4864807128906
10.054	0.0	0.0	0.0
